size,pp,psc,pdc,alpha,beta,gamma,radius,pac,ncity,ndp,nap,ndpdc,ndpac,ndc,nac,utility,converged,iterations,time
12,0.75,0.75,0.75,2.25,-4.0,2.0,0.3,0.0,12,6,4,6,6,4,4,-1.7828646049668653,false,4055,3600.381595201
15,0.55,0.95,0.95,4.0,4.0,0.0,0.3,0.0,15,8,6,8,8,6,6,-3.1982237890563687,false,27,3692.86469067
15,0.55,0.95,0.55,4.0,-4.0,4.0,0.3,0.0,15,8,6,8,8,6,6,-3.1982237890563687,false,27,3712.284541994
15,0.55,0.95,0.95,0.5,4.0,0.0,0.3,0.0,15,8,6,8,8,6,6,-3.3630781548263453,false,27,3667.577970307
15,0.95,0.55,0.95,4.0,4.0,4.0,0.3,0.0,15,8,6,8,8,6,6,-3.1103091525672486,false,27,3667.940168743
9,0.95,0.95,0.95,0.5,-4.0,0.0,0.3,0.0,9,4,2,4,4,2,2,-0.9113714953030871,true,18230,90.329469116
9,0.55,0.55,0.55,4.0,-4.0,4.0,0.3,0.0,9,4,2,4,4,2,2,-0.9474581518725264,true,18952,95.103680278
9,0.95,0.95,0.95,0.5,-4.0,4.0,0.3,0.0,9,4,2,4,4,2,2,-0.9113714953030871,true,18230,87.214705265
9,0.95,0.55,0.55,0.5,-4.0,4.0,0.3,0.0,9,4,2,4,4,2,2,-0.9113714953030871,true,18230,86.983772668
9,0.95,0.95,0.55,4.0,-4.0,0.0,0.3,0.0,9,4,2,4,4,2,2,-0.911368107053806,true,18230,86.753494895
15,0.55,0.55,0.55,0.5,-4.0,4.0,0.3,0.0,15,8,6,8,8,6,6,-3.3630781548263453,false,27,3708.057416822
15,0.95,0.95,0.95,0.5,-4.0,4.0,0.3,0.0,15,8,6,8,8,6,6,-3.3200725324042373,false,27,3681.623413898
15,0.55,0.55,0.55,0.5,4.0,4.0,0.3,0.0,15,8,6,8,8,6,6,-3.3630781548263453,false,27,3677.098527487
15,0.95,0.55,0.55,4.0,4.0,0.0,0.3,0.0,15,8,6,8,8,6,6,-3.1103091525672473,false,27,3706.269118927
15,0.55,0.55,0.55,0.5,-4.0,0.0,0.3,0.0,15,8,6,8,8,6,6,-3.3630781548263453,false,27,3706.393867312
9,0.95,0.55,0.55,4.0,4.0,0.0,0.3,0.0,9,4,2,4,4,2,2,-0.911368107053806,true,18230,81.34129496
9,0.55,0.95,0.55,0.5,-4.0,4.0,0.3,0.0,9,4,2,4,4,2,2,-0.9474611207114851,true,18952,94.541880648
9,0.95,0.95,0.55,0.5,-4.0,4.0,0.3,0.0,9,4,2,4,4,2,2,-0.9113714953030871,true,18230,91.387909025
15,0.55,0.55,0.55,0.5,4.0,0.0,0.3,0.0,15,8,6,8,8,6,6,-3.3630781548263453,false,27,3657.938487137
12,0.75,0.75,0.75,2.25,0.0,0.0,0.3,0.0,12,6,4,6,6,4,4,-1.7829016746616728,false,4187,3600.780515131
9,0.95,0.55,0.95,4.0,4.0,0.0,0.3,0.0,9,4,2,4,4,2,2,-0.911368107053806,true,18230,82.687609283
15,0.95,0.55,0.55,4.0,4.0,4.0,0.3,0.0,15,8,6,8,8,6,6,-3.1103091525672486,false,27,3687.58833583
9,0.95,0.95,0.55,4.0,-4.0,4.0,0.3,0.0,9,4,2,4,4,2,2,-0.911368107053806,true,18230,88.092960452
15,0.95,0.95,0.55,0.5,4.0,0.0,0.3,0.0,15,8,6,8,8,6,6,-3.3200725324042377,false,27,3662.420055777
15,0.55,0.95,0.95,0.5,-4.0,0.0,0.3,0.0,15,8,6,8,8,6,6,-3.3630781548263453,false,27,3679.907477604
15,0.55,0.55,0.95,4.0,-4.0,0.0,0.3,0.0,15,8,6,8,8,6,6,-3.1982237890563687,false,27,3700.609317722
9,0.55,0.95,0.95,0.5,4.0,0.0,0.3,0.0,9,4,2,4,4,2,2,-0.9474611207114851,true,18952,84.821972299
9,0.95,0.95,0.55,0.5,-4.0,4.0,0.3,0.0,9,4,2,4,4,2,2,-0.9113714953030871,true,18230,87.686137056
15,0.95,0.55,0.95,4.0,-4.0,4.0,0.3,0.0,15,8,6,8,8,6,6,-3.1103091525672477,false,27,3703.43837978
9,0.95,0.55,0.55,4.0,4.0,4.0,0.3,0.0,9,4,2,4,4,2,2,-0.911368107053806,true,18230,81.625560244
9,0.55,0.95,0.95,4.0,4.0,4.0,0.3,0.0,9,4,2,4,4,2,2,-0.947458232005357,true,18952,87.826315079
15,0.95,0.95,0.95,4.0,4.0,4.0,0.3,0.0,15,8,6,8,8,6,6,-3.110309152567249,false,27,3695.414405812
9,0.55,0.95,0.55,4.0,4.0,0.0,0.3,0.0,9,4,2,4,4,2,2,-0.947458232005357,true,18952,85.559264905
15,0.75,0.75,0.75,2.25,0.0,2.0,0.3,0.0,15,8,6,8,8,6,6,-3.1711544159059573,false,27,3705.931413801
9,0.95,0.95,0.55,4.0,-4.0,4.0,0.3,0.0,9,4,2,4,4,2,2,-0.911368107053806,true,18230,91.126056392
9,0.55,0.95,0.95,0.5,4.0,0.0,0.3,0.0,9,4,2,4,4,2,2,-0.9474611207114851,true,18952,87.283233577
15,0.55,0.95,0.55,0.5,-4.0,0.0,0.3,0.0,15,8,6,8,8,6,6,-3.3630781548263453,false,27,3723.168393775
15,0.55,0.95,0.95,4.0,4.0,0.0,0.3,0.0,15,8,6,8,8,6,6,-3.1982237890563687,false,27,3662.650682516
9,0.55,0.95,0.55,4.0,-4.0,0.0,0.3,0.0,9,4,2,4,4,2,2,-0.9474581518725264,true,18952,92.832500399
15,0.95,0.55,0.55,4.0,-4.0,4.0,0.3,0.0,15,8,6,8,8,6,6,-3.1103091525672486,false,27,3707.086698769
15,0.55,0.55,0.95,4.0,4.0,0.0,0.3,0.0,15,8,6,8,8,6,6,-3.198223789056369,false,27,3714.092336418
15,0.95,0.55,0.95,0.5,4.0,0.0,0.3,0.0,15,8,6,8,8,6,6,-3.3200725324042373,false,27,3659.661314895
9,0.55,0.95,0.55,0.5,4.0,4.0,0.3,0.0,9,4,2,4,4,2,2,-0.9474611207114851,true,18952,84.470634507
9,0.95,0.95,0.95,0.5,-4.0,0.0,0.3,0.0,9,4,2,4,4,2,2,-0.9113714953030871,true,18230,89.634912535
9,0.95,0.95,0.55,4.0,4.0,0.0,0.3,0.0,9,4,2,4,4,2,2,-0.911368107053806,true,18230,81.542093723
12,0.75,0.55,0.75,2.25,0.0,2.0,0.3,0.0,12,6,4,6,6,4,4,-1.7828757265053983,false,4096,3600.220649595
9,0.95,0.55,0.95,0.5,4.0,0.0,0.3,0.0,9,4,2,4,4,2,2,-0.9113714953030871,true,18230,82.663558131
9,0.75,0.75,0.75,2.25,0.0,2.0,0.3,0.0,9,4,2,4,4,2,2,-0.911368806441215,true,18230,81.829750957
15,0.55,0.95,0.55,4.0,-4.0,4.0,0.3,0.0,15,8,6,8,8,6,6,-3.198223789056369,false,27,3679.690925692
9,0.55,0.95,0.55,0.5,4.0,0.0,0.3,0.0,9,4,2,4,4,2,2,-0.9474611207114851,true,18952,81.542957516
15,0.55,0.95,0.55,4.0,4.0,4.0,0.3,0.0,15,8,6,8,8,6,6,-3.1982237890563687,false,27,3656.705109725
15,0.55,0.95,0.55,4.0,4.0,4.0,0.3,0.0,15,8,6,8,8,6,6,-3.1982237890563687,false,27,3662.9393419
15,0.95,0.95,0.55,0.5,4.0,0.0,0.3,0.0,15,8,6,8,8,6,6,-3.3200725324042377,false,27,3666.860027663
15,0.95,0.95,0.55,4.0,4.0,4.0,0.3,0.0,15,8,6,8,8,6,6,-3.1103091525672486,false,27,3676.247744961
9,0.55,0.95,0.55,0.5,4.0,4.0,0.3,0.0,9,4,2,4,4,2,2,-0.9474611207114851,true,18952,81.60233019
15,0.55,0.95,0.95,4.0,4.0,4.0,0.3,0.0,15,8,6,8,8,6,6,-3.198223789056369,false,27,3675.691095659
9,0.55,0.55,0.55,0.5,-4.0,4.0,0.3,0.0,9,4,2,4,4,2,2,-0.9474611207114851,true,18952,88.236511127
15,0.95,0.95,0.95,0.5,4.0,4.0,0.3,0.0,15,8,6,8,8,6,6,-3.3200725324042377,false,27,3648.402219096
15,0.95,0.95,0.55,0.5,4.0,0.0,0.3,0.0,15,8,6,8,8,6,6,-3.3200725324042373,false,27,3660.088604945
15,0.95,0.55,0.55,4.0,-4.0,4.0,0.3,0.0,15,8,6,8,8,6,6,-3.1103091525672486,false,27,3711.681485545
15,0.55,0.95,0.55,0.5,-4.0,0.0,0.3,0.0,15,8,6,8,8,6,6,-3.363078154826346,false,27,3687.640724257
15,0.95,0.55,0.95,0.5,4.0,4.0,0.3,0.0,15,8,6,8,8,6,6,-3.3200725324042373,false,27,3667.636048111
15,0.55,0.95,0.55,4.0,-4.0,0.0,0.3,0.0,15,8,6,8,8,6,6,-3.1982237890563705,false,27,3706.068302099
12,0.55,0.75,0.75,2.25,0.0,2.0,0.3,0.0,12,6,4,6,6,4,4,-1.8002048258205032,false,4141,3600.123332404
12,0.75,0.75,0.75,2.25,0.0,2.0,0.3,0.0,12,6,4,6,6,4,4,-1.7828909776155712,false,4149,3600.415964663
15,0.95,0.55,0.55,0.5,-4.0,0.0,0.3,0.0,15,8,6,8,8,6,6,-3.3200725324042373,false,27,3721.561865318
9,0.55,0.95,0.95,4.0,-4.0,4.0,0.3,0.0,9,4,2,4,4,2,2,-0.9474581518725264,true,18952,98.837046401
15,0.55,0.95,0.55,0.5,-4.0,4.0,0.3,0.0,15,8,6,8,8,6,6,-3.363078154826346,false,27,3717.597868351
9,0.95,0.95,0.55,0.5,4.0,0.0,0.3,0.0,9,4,2,4,4,2,2,-0.9113714953030871,true,18230,86.401247328
9,0.55,0.55,0.55,0.5,4.0,0.0,0.3,0.0,9,4,2,4,4,2,2,-0.9474611207114851,true,18952,87.849201504
9,0.95,0.95,0.55,4.0,-4.0,4.0,0.3,0.0,9,4,2,4,4,2,2,-0.911368107053806,true,18230,95.042336972
15,0.55,0.55,0.55,4.0,4.0,0.0,0.3,0.0,15,8,6,8,8,6,6,-3.19822378905637,false,27,3661.761900872
9,0.95,0.55,0.95,0.5,-4.0,0.0,0.3,0.0,9,4,2,4,4,2,2,-0.9113714953030871,true,18230,87.020696971
15,0.55,0.55,0.95,0.5,-4.0,4.0,0.3,0.0,15,8,6,8,8,6,6,-3.3630781548263453,false,27,3676.398637883
15,0.95,0.95,0.95,0.5,4.0,0.0,0.3,0.0,15,8,6,8,8,6,6,-3.320072532404237,false,27,3666.477659809
9,0.55,0.55,0.95,0.5,-4.0,4.0,0.3,0.0,9,4,2,4,4,2,2,-0.9474611207114852,true,18952,94.462985992
9,0.95,0.95,0.95,4.0,-4.0,4.0,0.3,0.0,9,4,2,4,4,2,2,-0.911368107053806,true,18230,93.173654541
9,0.55,0.55,0.55,4.0,4.0,0.0,0.3,0.0,9,4,2,4,4,2,2,-0.947458232005357,true,18952,90.691256594
15,0.95,0.95,0.55,0.5,-4.0,4.0,0.3,0.0,15,8,6,8,8,6,6,-3.3200725324042377,false,27,3664.984579395
15,0.55,0.95,0.95,0.5,-4.0,0.0,0.3,0.0,15,8,6,8,8,6,6,-3.363078154826346,false,27,3709.625841881
9,0.95,0.55,0.95,0.5,-4.0,0.0,0.3,0.0,9,4,2,4,4,2,2,-0.9113714953030871,true,18230,91.835281864
12,0.75,0.75,0.75,2.25,0.0,2.0,0.3,0.0,12,6,4,6,6,4,4,-1.7828800827652111,false,4111,3600.612831605
15,0.95,0.55,0.95,0.5,4.0,4.0,0.3,0.0,15,8,6,8,8,6,6,-3.3200725324042377,false,27,3675.010399188
9,0.95,0.95,0.95,4.0,4.0,0.0,0.3,0.0,9,4,2,4,4,2,2,-0.911368107053806,true,18230,71.100962859
12,0.75,0.75,0.75,0.5,0.0,2.0,0.3,0.0,12,6,4,6,6,4,4,-1.783317870189436,false,4153,3600.718228385
9,0.55,0.95,0.95,4.0,4.0,4.0,0.3,0.0,9,4,2,4,4,2,2,-0.947458232005357,true,18952,77.627973858
15,0.95,0.95,0.95,0.5,-4.0,4.0,0.3,0.0,15,8,6,8,8,6,6,-3.3200725324042373,false,27,3692.938015007
9,0.95,0.55,0.95,4.0,-4.0,4.0,0.3,0.0,9,4,2,4,4,2,2,-0.911368107053806,true,18230,82.469868013
15,0.95,0.95,0.55,4.0,-4.0,4.0,0.3,0.0,15,8,6,8,8,6,6,-3.1103091525672486,false,27,3696.654340912
12,0.75,0.75,0.75,2.25,0.0,4.0,0.3,0.0,12,6,4,6,6,4,4,-1.7828997187704965,false,4180,3600.161122144
15,0.95,0.95,0.95,4.0,4.0,0.0,0.3,0.0,15,8,6,8,8,6,6,-3.1103091525672486,false,27,3659.200571319
9,0.95,0.95,0.95,4.0,4.0,0.0,0.3,0.0,9,4,2,4,4,2,2,-0.911368107053806,true,18230,78.307807356
9,0.95,0.55,0.55,4.0,-4.0,4.0,0.3,0.0,9,4,2,4,4,2,2,-0.911368107053806,true,18230,84.318394165
9,0.55,0.95,0.55,0.5,-4.0,0.0,0.3,0.0,9,4,2,4,4,2,2,-0.9474611207114851,true,18952,88.036927998
12,0.75,0.75,0.75,2.25,-4.0,2.0,0.3,0.0,12,6,4,6,6,4,4,-1.7828353844701994,false,3959,3600.798684356
15,0.55,0.55,0.55,4.0,-4.0,4.0,0.3,0.0,15,8,6,8,8,6,6,-3.1982237890563687,false,27,3666.994995416
15,0.95,0.95,0.55,4.0,-4.0,0.0,0.3,0.0,15,8,6,8,8,6,6,-3.1103091525672477,false,27,3683.873740797
15,0.95,0.95,0.55,4.0,-4.0,0.0,0.3,0.0,15,8,6,8,8,6,6,-3.1103091525672486,false,27,3689.934255206
15,0.95,0.55,0.95,4.0,4.0,0.0,0.3,0.0,15,8,6,8,8,6,6,-3.1103091525672486,false,27,3671.882807345
12,0.75,0.75,0.95,2.25,0.0,2.0,0.3,0.0,12,6,4,6,6,4,4,-1.782886987026046,false,4135,3600.641890625
9,0.95,0.55,0.55,4.0,-4.0,4.0,0.3,0.0,9,4,2,4,4,2,2,-0.911368107053806,true,18230,84.764429028
9,0.55,0.55,0.55,0.5,-4.0,4.0,0.3,0.0,9,4,2,4,4,2,2,-0.9474611207114852,true,18952,93.567171245
9,0.95,0.95,0.95,0.5,4.0,4.0,0.3,0.0,9,4,2,4,4,2,2,-0.9113714953030871,true,18230,83.084606204
15,0.55,0.55,0.95,0.5,4.0,0.0,0.3,0.0,15,8,6,8,8,6,6,-3.363078154826346,false,27,3675.597821549
15,0.55,0.95,0.95,0.5,4.0,4.0,0.3,0.0,15,8,6,8,8,6,6,-3.3630781548263453,false,27,3679.948321823
9,0.55,0.95,0.95,4.0,4.0,0.0,0.3,0.0,9,4,2,4,4,2,2,-0.947458232005357,true,18952,80.9322895
15,0.55,0.55,0.95,4.0,4.0,0.0,0.3,0.0,15,8,6,8,8,6,6,-3.198223789056369,false,27,3704.996569048
9,0.55,0.55,0.95,4.0,4.0,0.0,0.3,0.0,9,4,2,4,4,2,2,-0.947458232005357,true,18952,86.196325839
15,0.95,0.95,0.95,4.0,4.0,4.0,0.3,0.0,15,8,6,8,8,6,6,-3.1103091525672486,false,27,3681.497699082
9,0.95,0.55,0.95,4.0,-4.0,0.0,0.3,0.0,9,4,2,4,4,2,2,-0.911368107053806,true,18230,85.135252263
9,0.95,0.95,0.55,0.5,4.0,0.0,0.3,0.0,9,4,2,4,4,2,2,-0.9113714953030871,true,18230,79.106458869
15,0.55,0.55,0.95,0.5,4.0,4.0,0.3,0.0,15,8,6,8,8,6,6,-3.3630781548263453,false,27,3695.522383299
12,0.75,0.75,0.75,2.25,0.0,0.0,0.3,0.0,12,6,4,6,6,4,4,-1.7829027893796037,false,4191,3600.04352551
9,0.55,0.95,0.55,4.0,-4.0,0.0,0.3,0.0,9,4,2,4,4,2,2,-0.9474581518725264,true,18952,88.133767721
15,0.95,0.55,0.95,4.0,-4.0,0.0,0.3,0.0,15,8,6,8,8,6,6,-3.1103091525672486,false,27,3694.883511847
9,0.55,0.55,0.55,0.5,-4.0,0.0,0.3,0.0,9,4,2,4,4,2,2,-0.9474611207114851,true,18952,90.521543727
15,0.95,0.55,0.95,0.5,-4.0,4.0,0.3,0.0,15,8,6,8,8,6,6,-3.3200725324042373,false,27,3683.466019944
9,0.55,0.95,0.55,4.0,4.0,0.0,0.3,0.0,9,4,2,4,4,2,2,-0.947458232005357,true,18952,84.293152835
15,0.95,0.55,0.95,0.5,4.0,0.0,0.3,0.0,15,8,6,8,8,6,6,-3.320072532404237,false,27,3649.964688331
12,0.75,0.75,0.75,2.25,0.0,2.0,0.3,0.0,12,6,4,6,6,4,4,-1.7829063975594959,false,4204,3600.873741207
9,0.95,0.55,0.95,4.0,-4.0,4.0,0.3,0.0,9,4,2,4,4,2,2,-0.911368107053806,true,18230,87.83280051
12,0.75,0.75,0.55,2.25,0.0,2.0,0.3,0.0,12,6,4,6,6,4,4,-1.7828672132637677,false,4067,3600.088549931
9,0.95,0.55,0.55,4.0,-4.0,0.0,0.3,0.0,9,4,2,4,4,2,2,-0.911368107053806,true,18230,85.241118301
9,0.55,0.95,0.95,4.0,4.0,0.0,0.3,0.0,9,4,2,4,4,2,2,-0.947458232005357,true,18952,81.332863529
9,0.95,0.95,0.95,0.5,4.0,0.0,0.3,0.0,9,4,2,4,4,2,2,-0.9113714953030871,true,18230,80.73120746
9,0.95,0.55,0.95,4.0,4.0,4.0,0.3,0.0,9,4,2,4,4,2,2,-0.911368107053806,true,18230,79.650384047
9,0.95,0.95,0.55,0.5,-4.0,0.0,0.3,0.0,9,4,2,4,4,2,2,-0.9113714953030871,true,18230,84.820967277
15,0.95,0.55,0.55,0.5,4.0,0.0,0.3,0.0,15,8,6,8,8,6,6,-3.3200725324042373,false,27,3670.491884076
9,0.55,0.55,0.55,0.5,-4.0,0.0,0.3,0.0,9,4,2,4,4,2,2,-0.9474611207114851,true,18952,89.576802297
12,0.75,0.75,0.55,2.25,0.0,2.0,0.3,0.0,12,6,4,6,6,4,4,-1.7828768912921165,false,4100,3600.62456877
9,0.55,0.95,0.95,4.0,-4.0,0.0,0.3,0.0,9,4,2,4,4,2,2,-0.9474581518725264,true,18952,94.266208549
15,0.55,0.95,0.95,4.0,4.0,4.0,0.3,0.0,15,8,6,8,8,6,6,-3.19822378905637,false,27,3696.952538975
15,0.55,0.55,0.95,4.0,-4.0,4.0,0.3,0.0,15,8,6,8,8,6,6,-3.198223789056369,false,27,3700.348521842
15,0.95,0.95,0.95,4.0,-4.0,4.0,0.3,0.0,15,8,6,8,8,6,6,-3.1103091525672477,false,27,3722.257078777
9,0.95,0.55,0.95,4.0,-4.0,0.0,0.3,0.0,9,4,2,4,4,2,2,-0.911368107053806,true,18230,89.655830791
9,0.55,0.95,0.95,0.5,-4.0,0.0,0.3,0.0,9,4,2,4,4,2,2,-0.9474611207114851,true,18952,90.101524079
9,0.95,0.55,0.55,0.5,4.0,0.0,0.3,0.0,9,4,2,4,4,2,2,-0.9113714953030871,true,18230,86.647284408
9,0.55,0.95,0.95,0.5,-4.0,4.0,0.3,0.0,9,4,2,4,4,2,2,-0.9474611207114852,true,18952,92.802434715
12,0.75,0.75,0.75,2.25,0.0,2.0,0.3,0.0,12,6,4,6,6,4,4,-1.782904457471569,false,4197,3600.583466317
9,0.55,0.55,0.95,4.0,4.0,0.0,0.3,0.0,9,4,2,4,4,2,2,-0.947458232005357,true,18952,83.464170424
15,0.55,0.95,0.95,0.5,-4.0,0.0,0.3,0.0,15,8,6,8,8,6,6,-3.3630781548263453,false,27,3693.465484179
9,0.95,0.55,0.95,4.0,4.0,4.0,0.3,0.0,9,4,2,4,4,2,2,-0.911368107053806,true,18230,82.211701284
12,0.95,0.75,0.75,2.25,0.0,2.0,0.3,0.0,12,6,4,6,6,4,4,-1.7828144312757501,false,4171,3600.456295696
15,0.95,0.95,0.55,4.0,4.0,4.0,0.3,0.0,15,8,6,8,8,6,6,-3.1103091525672486,false,27,3681.29472236
9,0.95,0.95,0.95,4.0,-4.0,4.0,0.3,0.0,9,4,2,4,4,2,2,-0.911368107053806,true,18230,86.442799742
12,0.75,0.75,0.75,2.25,0.0,2.0,0.3,0.0,12,6,4,6,6,4,4,-1.7828878444260954,false,4138,3600.77301934
9,0.95,0.95,0.95,4.0,-4.0,4.0,0.3,0.0,9,4,2,4,4,2,2,-0.911368107053806,true,18230,89.233133136
15,0.55,0.95,0.55,4.0,-4.0,0.0,0.3,0.0,15,8,6,8,8,6,6,-3.19822378905637,false,27,3709.177530527
15,0.55,0.95,0.55,0.5,4.0,4.0,0.3,0.0,15,8,6,8,8,6,6,-3.3630781548263453,false,27,3674.315392236
9,0.55,0.55,0.55,0.5,4.0,4.0,0.3,0.0,9,4,2,4,4,2,2,-0.9474611207114851,true,18952,83.053962879
9,0.95,0.95,0.95,0.5,-4.0,4.0,0.3,0.0,9,4,2,4,4,2,2,-0.9113714953030871,true,18230,90.500891916
15,0.95,0.55,0.55,0.5,-4.0,0.0,0.3,0.0,15,8,6,8,8,6,6,-3.3200725324042373,false,27,3670.089437126
9,0.95,0.55,0.95,0.5,4.0,4.0,0.3,0.0,9,4,2,4,4,2,2,-0.9113714953030871,true,18230,84.240869098
9,0.95,0.55,0.55,0.5,-4.0,0.0,0.3,0.0,9,4,2,4,4,2,2,-0.9113714953030871,true,18230,86.317994291
15,0.95,0.95,0.55,0.5,4.0,4.0,0.3,0.0,15,8,6,8,8,6,6,-3.3200725324042373,false,27,3681.628265347
15,0.55,0.55,0.95,0.5,-4.0,4.0,0.3,0.0,15,8,6,8,8,6,6,-3.3630781548263453,false,27,3694.112097339
9,0.55,0.55,0.95,0.5,-4.0,4.0,0.3,0.0,9,4,2,4,4,2,2,-0.9474611207114851,true,18952,89.674836304
9,0.55,0.55,0.55,0.5,4.0,4.0,0.3,0.0,9,4,2,4,4,2,2,-0.9474611207114851,true,18952,87.365815368
9,0.55,0.55,0.95,4.0,-4.0,0.0,0.3,0.0,9,4,2,4,4,2,2,-0.9474581518725264,true,18952,93.05187401
15,0.55,0.95,0.55,4.0,-4.0,0.0,0.3,0.0,15,8,6,8,8,6,6,-3.19822378905637,false,27,3681.755434325
12,0.75,0.75,0.95,2.25,0.0,2.0,0.3,0.0,12,6,4,6,6,4,4,-1.7829027893796037,false,4191,3600.411865749
15,0.55,0.55,0.55,4.0,4.0,4.0,0.3,0.0,15,8,6,8,8,6,6,-3.1982237890563687,false,27,3685.058027307
15,0.95,0.95,0.95,0.5,-4.0,0.0,0.3,0.0,15,8,6,8,8,6,6,-3.3200725324042377,false,27,3676.512634829
9,0.55,0.95,0.95,0.5,4.0,4.0,0.3,0.0,9,4,2,4,4,2,2,-0.9474611207114851,true,18952,85.561546322
12,0.75,0.75,0.75,2.25,0.0,2.0,0.3,0.0,12,6,4,6,6,4,4,-1.7828792140589087,false,4108,3600.166315169
9,0.55,0.55,0.55,0.5,-4.0,4.0,0.3,0.0,9,4,2,4,4,2,2,-0.9474611207114851,true,18952,90.844000267
15,0.95,0.55,0.95,4.0,-4.0,4.0,0.3,0.0,15,8,6,8,8,6,6,-3.1103091525672486,false,27,3701.815904395
9,0.55,0.55,0.55,4.0,-4.0,0.0,0.3,0.0,9,4,2,4,4,2,2,-0.9474581518725264,true,18952,91.087297759
9,0.55,0.55,0.55,4.0,-4.0,4.0,0.3,0.0,9,4,2,4,4,2,2,-0.9474581518725264,true,18952,89.559729235
9,0.55,0.95,0.55,4.0,-4.0,4.0,0.3,0.0,9,4,2,4,4,2,2,-0.9474581518725264,true,18952,93.234249007
15,0.55,0.55,0.55,4.0,-4.0,0.0,0.3,0.0,15,8,6,8,8,6,6,-3.198223789056369,false,27,3715.585154081
9,0.95,0.55,0.55,4.0,4.0,0.0,0.3,0.0,9,4,2,4,4,2,2,-0.911368107053806,true,18230,81.738241384
15,0.95,0.95,0.55,0.5,4.0,4.0,0.3,0.0,15,8,6,8,8,6,6,-3.3200725324042377,false,27,3679.539148449
9,0.95,0.55,0.55,0.5,4.0,4.0,0.3,0.0,9,4,2,4,4,2,2,-0.9113714953030871,true,18230,80.074691463
15,0.55,0.95,0.95,4.0,-4.0,0.0,0.3,0.0,15,8,6,8,8,6,6,-3.198223789056369,false,27,3703.452660702
15,0.55,0.55,0.95,4.0,4.0,4.0,0.3,0.0,15,8,6,8,8,6,6,-3.198223789056369,false,27,3694.644985748
9,0.95,0.55,0.55,4.0,-4.0,4.0,0.3,0.0,9,4,2,4,4,2,2,-0.911368107053806,true,18230,85.55743427
15,0.55,0.55,0.55,0.5,4.0,4.0,0.3,0.0,15,8,6,8,8,6,6,-3.3630781548263453,false,27,3650.469480866
12,0.55,0.75,0.75,2.25,0.0,2.0,0.3,0.0,12,6,4,6,6,4,4,-1.800202334233681,false,4130,3600.275611748
9,0.55,0.55,0.95,4.0,-4.0,4.0,0.3,0.0,9,4,2,4,4,2,2,-0.9474581518725264,true,18952,89.138632308
9,0.95,0.55,0.95,0.5,-4.0,4.0,0.3,0.0,9,4,2,4,4,2,2,-0.9113714953030871,true,18230,86.203570785
15,0.55,0.55,0.55,4.0,-4.0,4.0,0.3,0.0,15,8,6,8,8,6,6,-3.198223789056369,false,27,3688.834037081
9,0.95,0.95,0.95,4.0,-4.0,0.0,0.3,0.0,9,4,2,4,4,2,2,-0.911368107053806,true,18230,84.961801355
9,0.55,0.55,0.95,0.5,-4.0,4.0,0.3,0.0,9,4,2,4,4,2,2,-0.9474611207114852,true,18952,86.864629088
15,0.95,0.95,0.55,0.5,-4.0,0.0,0.3,0.0,15,8,6,8,8,6,6,-3.3200725324042373,false,27,3674.874165304
9,0.55,0.55,0.55,4.0,4.0,4.0,0.3,0.0,9,4,2,4,4,2,2,-0.947458232005357,true,18952,85.560352037
15,0.95,0.55,0.95,4.0,4.0,4.0,0.3,0.0,15,8,6,8,8,6,6,-3.1103091525672477,false,27,3675.317064399
9,0.55,0.55,0.55,4.0,4.0,0.0,0.3,0.0,9,4,2,4,4,2,2,-0.947458232005357,true,18952,78.43287638
15,0.95,0.95,0.55,4.0,4.0,0.0,0.3,0.0,15,8,6,8,8,6,6,-3.1103091525672477,false,27,3684.123911688
9,0.95,0.95,0.55,4.0,4.0,4.0,0.3,0.0,9,4,2,4,4,2,2,-0.911368107053806,true,18230,79.671936601
15,0.95,0.95,0.55,4.0,4.0,4.0,0.3,0.0,15,8,6,8,8,6,6,-3.1103091525672486,false,27,3695.457746164
15,0.55,0.95,0.95,4.0,-4.0,0.0,0.3,0.0,15,8,6,8,8,6,6,-3.198223789056369,false,27,3699.296236873
15,0.55,0.95,0.95,0.5,4.0,0.0,0.3,0.0,15,8,6,8,8,6,6,-3.363078154826346,false,27,3671.780726563
9,0.95,0.55,0.55,0.5,-4.0,4.0,0.3,0.0,9,4,2,4,4,2,2,-0.9113714953030871,true,18230,86.257363696
15,0.55,0.95,0.95,0.5,-4.0,4.0,0.3,0.0,15,8,6,8,8,6,6,-3.3630781548263453,false,27,3682.202305886
12,0.95,0.75,0.75,2.25,0.0,2.0,0.3,0.0,12,6,4,6,6,4,4,-1.7828031968974591,false,4134,3600.416034457
15,0.55,0.55,0.95,0.5,4.0,0.0,0.3,0.0,15,8,6,8,8,6,6,-3.363078154826345,false,27,3660.946855754
9,0.95,0.95,0.95,4.0,4.0,4.0,0.3,0.0,9,4,2,4,4,2,2,-0.911368107053806,true,18230,77.470092172
9,0.55,0.95,0.55,0.5,4.0,0.0,0.3,0.0,9,4,2,4,4,2,2,-0.9474611207114851,true,18952,84.29316433
15,0.95,0.55,0.55,0.5,4.0,4.0,0.3,0.0,15,8,6,8,8,6,6,-3.3200725324042377,false,27,3640.540712638
15,0.95,0.95,0.95,4.0,-4.0,0.0,0.3,0.0,15,8,6,8,8,6,6,-3.1103091525672486,false,27,3711.759697048
15,0.95,0.55,0.55,0.5,4.0,4.0,0.3,0.0,15,8,6,8,8,6,6,-3.3200725324042373,false,27,3669.604148509
12,0.75,0.95,0.75,2.25,0.0,2.0,0.3,0.0,12,6,4,6,6,4,4,-1.7829102584126815,false,4218,3600.351954436
12,0.75,0.95,0.75,2.25,0.0,2.0,0.3,0.0,12,6,4,6,6,4,4,-1.7828969132465733,false,4170,3600.845749204
12,0.75,0.75,0.75,0.5,0.0,2.0,0.3,0.0,12,6,4,6,6,4,4,-1.7833156920111617,false,4141,3600.133793995
9,0.95,0.55,0.95,4.0,4.0,4.0,0.3,0.0,9,4,2,4,4,2,2,-0.911368107053806,true,18230,75.89062829
9,0.95,0.55,0.95,4.0,4.0,0.0,0.3,0.0,9,4,2,4,4,2,2,-0.911368107053806,true,18230,83.789587017
15,0.95,0.95,0.55,0.5,-4.0,4.0,0.3,0.0,15,8,6,8,8,6,6,-3.3200725324042373,false,27,3690.854764433
9,0.95,0.95,0.95,0.5,-4.0,4.0,0.3,0.0,9,4,2,4,4,2,2,-0.9113714953030871,true,18230,87.936996026
15,0.55,0.55,0.55,0.5,-4.0,0.0,0.3,0.0,15,8,6,8,8,6,6,-3.363078154826346,false,27,3673.10752301
15,0.95,0.95,0.95,0.5,4.0,4.0,0.3,0.0,15,8,6,8,8,6,6,-3.3200725324042373,false,27,3661.768015578
9,0.95,0.55,0.55,0.5,4.0,0.0,0.3,0.0,9,4,2,4,4,2,2,-0.9113714953030871,true,18230,85.122847136
9,0.55,0.55,0.95,4.0,-4.0,4.0,0.3,0.0,9,4,2,4,4,2,2,-0.9474581518725264,true,18952,92.048651615
9,0.55,0.95,0.95,0.5,4.0,4.0,0.3,0.0,9,4,2,4,4,2,2,-0.9474611207114851,true,18952,82.761849553
15,0.55,0.55,0.95,0.5,-4.0,0.0,0.3,0.0,15,8,6,8,8,6,6,-3.3630781548263453,false,27,3688.070590085
9,0.95,0.55,0.55,0.5,-4.0,4.0,0.3,0.0,9,4,2,4,4,2,2,-0.9113714953030871,true,18230,89.68343647
9,0.95,0.95,0.95,0.5,-4.0,0.0,0.3,0.0,9,4,2,4,4,2,2,-0.9113714953030871,true,18230,85.510034416
15,0.55,0.95,0.55,0.5,4.0,4.0,0.3,0.0,15,8,6,8,8,6,6,-3.3630781548263453,false,27,3658.47054747
15,0.95,0.95,0.95,4.0,4.0,4.0,0.3,0.0,15,8,6,8,8,6,6,-3.1103091525672486,false,27,3686.977576263
15,0.95,0.55,0.95,4.0,-4.0,4.0,0.3,0.0,15,8,6,8,8,6,6,-3.1103091525672477,false,27,3684.127079889
15,0.55,0.95,0.95,4.0,-4.0,4.0,0.3,0.0,15,8,6,8,8,6,6,-3.19822378905637,false,27,3699.256703946
15,0.95,0.95,0.55,0.5,-4.0,0.0,0.3,0.0,15,8,6,8,8,6,6,-3.3200725324042377,false,27,3684.149178062
9,0.55,0.95,0.95,4.0,-4.0,4.0,0.3,0.0,9,4,2,4,4,2,2,-0.9474581518725264,true,18952,90.857003153
15,0.55,0.55,0.95,0.5,-4.0,4.0,0.3,0.0,15,8,6,8,8,6,6,-3.3630781548263453,false,27,3679.241654476
9,0.95,0.95,0.55,0.5,4.0,4.0,0.3,0.0,9,4,2,4,4,2,2,-0.9113714953030871,true,18230,86.998181682
9,0.95,0.95,0.55,0.5,4.0,0.0,0.3,0.0,9,4,2,4,4,2,2,-0.9113714953030871,true,18230,78.491272359
9,0.55,0.95,0.55,4.0,4.0,4.0,0.3,0.0,9,4,2,4,4,2,2,-0.947458232005357,true,18952,83.062935002
15,0.75,0.75,0.75,2.25,0.0,2.0,0.3,0.0,15,8,6,8,8,6,6,-3.1711544159059577,false,27,3657.093063089
15,0.55,0.95,0.55,4.0,4.0,0.0,0.3,0.0,15,8,6,8,8,6,6,-3.1982237890563687,false,27,3670.312259342
15,0.55,0.95,0.95,4.0,4.0,4.0,0.3,0.0,15,8,6,8,8,6,6,-3.1982237890563687,false,27,3669.402145197
15,0.55,0.55,0.95,0.5,4.0,0.0,0.3,0.0,15,8,6,8,8,6,6,-3.3630781548263453,false,27,3649.231647772
9,0.95,0.95,0.55,0.5,-4.0,4.0,0.3,0.0,9,4,2,4,4,2,2,-0.9113714953030871,true,18230,89.004789456
9,0.55,0.55,0.55,4.0,4.0,0.0,0.3,0.0,9,4,2,4,4,2,2,-0.947458232005357,true,18952,87.214039356
9,0.55,0.95,0.95,0.5,-4.0,4.0,0.3,0.0,9,4,2,4,4,2,2,-0.9474611207114851,true,18952,90.527504478
9,0.55,0.95,0.55,0.5,4.0,0.0,0.3,0.0,9,4,2,4,4,2,2,-0.9474611207114851,true,18952,85.037442415
9,0.55,0.55,0.95,0.5,4.0,0.0,0.3,0.0,9,4,2,4,4,2,2,-0.9474611207114851,true,18952,84.638419028
15,0.95,0.55,0.95,4.0,4.0,0.0,0.3,0.0,15,8,6,8,8,6,6,-3.1103091525672486,false,27,3661.008383807
15,0.95,0.95,0.95,0.5,4.0,4.0,0.3,0.0,15,8,6,8,8,6,6,-3.320072532404237,false,27,3651.072024541
9,0.95,0.95,0.55,4.0,-4.0,0.0,0.3,0.0,9,4,2,4,4,2,2,-0.911368107053806,true,18230,90.205585755
9,0.55,0.55,0.95,4.0,-4.0,4.0,0.3,0.0,9,4,2,4,4,2,2,-0.9474581518725264,true,18952,89.518196117
12,0.75,0.75,0.75,2.25,0.0,2.0,0.3,0.0,12,6,4,6,6,4,4,-1.7828736826437739,false,4089,3600.081366978
12,0.75,0.75,0.75,2.25,0.0,2.0,0.3,0.0,12,6,4,6,6,4,4,-1.7828633574360864,false,4054,3600.323193474
15,0.95,0.95,0.55,4.0,4.0,0.0,0.3,0.0,15,8,6,8,8,6,6,-3.1103091525672486,false,27,3679.560869739
12,0.75,0.75,0.75,4.0,0.0,2.0,0.3,0.0,12,6,4,6,6,4,4,-1.7827077561850067,false,4155,3600.635168717
9,0.95,0.95,0.95,4.0,-4.0,0.0,0.3,0.0,9,4,2,4,4,2,2,-0.911368107053806,true,18230,87.450147325
9,0.95,0.95,0.95,4.0,4.0,4.0,0.3,0.0,9,4,2,4,4,2,2,-0.911368107053806,true,18230,81.00339195
9,0.95,0.55,0.95,0.5,-4.0,4.0,0.3,0.0,9,4,2,4,4,2,2,-0.9113714953030871,true,18230,87.11621637
9,0.95,0.95,0.95,0.5,4.0,4.0,0.3,0.0,9,4,2,4,4,2,2,-0.9113714953030871,true,18230,83.071647658
12,0.75,0.75,0.95,2.25,0.0,2.0,0.3,0.0,12,6,4,6,6,4,4,-1.7828630598091715,false,4053,3600.034525469
15,0.55,0.55,0.95,0.5,-4.0,0.0,0.3,0.0,15,8,6,8,8,6,6,-3.3630781548263453,false,27,3699.413188535
9,0.95,0.95,0.55,0.5,-4.0,0.0,0.3,0.0,9,4,2,4,4,2,2,-0.9113714953030871,true,18230,87.045400895
15,0.95,0.55,0.55,4.0,-4.0,0.0,0.3,0.0,15,8,6,8,8,6,6,-3.1103091525672486,false,27,3686.03618819
15,0.95,0.55,0.95,0.5,-4.0,0.0,0.3,0.0,15,8,6,8,8,6,6,-3.3200725324042377,false,27,3695.800953047
15,0.55,0.55,0.95,4.0,-4.0,4.0,0.3,0.0,15,8,6,8,8,6,6,-3.1982237890563687,false,27,3682.692229183
15,0.55,0.55,0.95,4.0,4.0,0.0,0.3,0.0,15,8,6,8,8,6,6,-3.198223789056369,false,27,3659.792014589
9,0.55,0.55,0.95,0.5,-4.0,0.0,0.3,0.0,9,4,2,4,4,2,2,-0.9474611207114852,true,18952,91.273543405
15,0.95,0.55,0.95,4.0,-4.0,0.0,0.3,0.0,15,8,6,8,8,6,6,-3.1103091525672477,false,27,3693.370537904
9,0.95,0.55,0.55,4.0,-4.0,0.0,0.3,0.0,9,4,2,4,4,2,2,-0.911368107053806,true,18230,86.440754801
9,0.95,0.55,0.55,4.0,-4.0,0.0,0.3,0.0,9,4,2,4,4,2,2,-0.911368107053806,true,18230,88.205024537
9,0.55,0.55,0.55,0.5,4.0,4.0,0.3,0.0,9,4,2,4,4,2,2,-0.9474611207114851,true,18952,85.201007732
15,0.95,0.95,0.55,4.0,-4.0,4.0,0.3,0.0,15,8,6,8,8,6,6,-3.1103091525672486,false,27,3688.740985899
15,0.95,0.55,0.95,4.0,4.0,4.0,0.3,0.0,15,8,6,8,8,6,6,-3.1103091525672477,false,27,3695.933929641
15,0.55,0.95,0.95,0.5,4.0,0.0,0.3,0.0,15,8,6,8,8,6,6,-3.3630781548263453,false,27,3673.038961854
12,0.75,0.55,0.75,2.25,0.0,2.0,0.3,0.0,12,6,4,6,6,4,4,-1.7828994388224533,false,4179,3600.772282817
15,0.55,0.55,0.95,4.0,-4.0,0.0,0.3,0.0,15,8,6,8,8,6,6,-3.198223789056369,false,27,3680.457701824
9,0.95,0.55,0.55,4.0,4.0,0.0,0.3,0.0,9,4,2,4,4,2,2,-0.911368107053806,true,18230,80.803480792
9,0.95,0.55,0.95,0.5,-4.0,0.0,0.3,0.0,9,4,2,4,4,2,2,-0.9113714953030871,true,18230,86.490445104
15,0.55,0.95,0.95,4.0,4.0,0.0,0.3,0.0,15,8,6,8,8,6,6,-3.198223789056369,false,27,3650.626401868
15,0.55,0.55,0.55,0.5,-4.0,4.0,0.3,0.0,15,8,6,8,8,6,6,-3.363078154826346,false,27,3673.075736308
15,0.55,0.55,0.55,4.0,-4.0,0.0,0.3,0.0,15,8,6,8,8,6,6,-3.1982237890563687,false,27,3675.557840713
12,0.75,0.75,0.75,2.25,0.0,4.0,0.3,0.0,12,6,4,6,6,4,4,-1.782896068963006,false,4167,3600.880617481
15,0.55,0.55,0.95,4.0,4.0,4.0,0.3,0.0,15,8,6,8,8,6,6,-3.198223789056369,false,27,3664.700465603
9,0.55,0.95,0.55,0.5,-4.0,0.0,0.3,0.0,9,4,2,4,4,2,2,-0.9474611207114852,true,18952,88.926759415
15,0.95,0.95,0.95,4.0,4.0,0.0,0.3,0.0,15,8,6,8,8,6,6,-3.1103091525672486,false,27,3687.765547361
15,0.55,0.55,0.95,0.5,-4.0,0.0,0.3,0.0,15,8,6,8,8,6,6,-3.3630781548263453,false,27,3696.979609708
9,0.95,0.95,0.95,4.0,4.0,4.0,0.3,0.0,9,4,2,4,4,2,2,-0.911368107053806,true,18230,78.904223187
15,0.95,0.55,0.55,4.0,-4.0,0.0,0.3,0.0,15,8,6,8,8,6,6,-3.1103091525672477,false,27,3709.100808492
9,0.95,0.55,0.95,0.5,4.0,4.0,0.3,0.0,9,4,2,4,4,2,2,-0.9113714953030871,true,18230,79.787805649
15,0.55,0.95,0.55,0.5,-4.0,0.0,0.3,0.0,15,8,6,8,8,6,6,-3.3630781548263453,false,27,3676.908712533
15,0.55,0.95,0.55,0.5,4.0,4.0,0.3,0.0,15,8,6,8,8,6,6,-3.3630781548263453,false,27,3661.305498432
9,0.95,0.95,0.95,0.5,4.0,0.0,0.3,0.0,9,4,2,4,4,2,2,-0.9113714953030871,true,18230,79.235714254
9,0.55,0.55,0.55,0.5,4.0,0.0,0.3,0.0,9,4,2,4,4,2,2,-0.9474611207114851,true,18952,82.019985902
9,0.95,0.95,0.55,4.0,4.0,0.0,0.3,0.0,9,4,2,4,4,2,2,-0.911368107053806,true,18230,81.764362519
15,0.55,0.95,0.55,4.0,4.0,4.0,0.3,0.0,15,8,6,8,8,6,6,-3.19822378905637,false,27,3673.2953661
9,0.55,0.55,0.95,4.0,-4.0,0.0,0.3,0.0,9,4,2,4,4,2,2,-0.9474581518725264,true,18952,86.656876458
9,0.95,0.55,0.95,4.0,4.0,0.0,0.3,0.0,9,4,2,4,4,2,2,-0.911368107053806,true,18230,80.392647984
9,0.55,0.55,0.55,4.0,-4.0,0.0,0.3,0.0,9,4,2,4,4,2,2,-0.9474581518725264,true,18952,87.961181837
15,0.55,0.55,0.55,0.5,-4.0,4.0,0.3,0.0,15,8,6,8,8,6,6,-3.363078154826345,false,27,3669.259734203
9,0.55,0.55,0.95,0.5,4.0,4.0,0.3,0.0,9,4,2,4,4,2,2,-0.9474611207114851,true,18952,84.643556218
15,0.55,0.95,0.95,0.5,4.0,4.0,0.3,0.0,15,8,6,8,8,6,6,-3.3630781548263453,false,27,3674.758828738
9,0.55,0.95,0.55,0.5,-4.0,4.0,0.3,0.0,9,4,2,4,4,2,2,-0.9474611207114852,true,18952,92.547972774
15,0.95,0.95,0.95,0.5,4.0,0.0,0.3,0.0,15,8,6,8,8,6,6,-3.3200725324042373,false,27,3687.282400574
9,0.55,0.55,0.55,0.5,4.0,0.0,0.3,0.0,9,4,2,4,4,2,2,-0.9474611207114851,true,18952,84.545392068
12,0.95,0.75,0.75,2.25,0.0,2.0,0.3,0.0,12,6,4,6,6,4,4,-1.7828186303067863,false,4185,3600.428241699
9,0.55,0.95,0.95,0.5,4.0,0.0,0.3,0.0,9,4,2,4,4,2,2,-0.9474611207114851,true,18952,85.179906371
9,0.55,0.55,0.55,4.0,4.0,4.0,0.3,0.0,9,4,2,4,4,2,2,-0.947458232005357,true,18952,82.446565292
12,0.75,0.75,0.75,2.25,0.0,2.0,0.3,0.0,12,6,4,6,6,4,4,-1.7828660294839251,false,4063,3600.170363175
9,0.95,0.55,0.55,0.5,4.0,0.0,0.3,0.0,9,4,2,4,4,2,2,-0.9113714953030871,true,18230,84.992413068
15,0.55,0.55,0.95,4.0,4.0,4.0,0.3,0.0,15,8,6,8,8,6,6,-3.198223789056369,false,27,3665.947318852
9,0.55,0.95,0.95,0.5,-4.0,4.0,0.3,0.0,9,4,2,4,4,2,2,-0.9474611207114851,true,18952,89.044174997
15,0.95,0.95,0.55,0.5,4.0,4.0,0.3,0.0,15,8,6,8,8,6,6,-3.3200725324042377,false,27,3671.639410502
15,0.55,0.55,0.55,4.0,4.0,4.0,0.3,0.0,15,8,6,8,8,6,6,-3.1982237890563687,false,27,3663.433587449
15,0.95,0.55,0.55,4.0,4.0,4.0,0.3,0.0,15,8,6,8,8,6,6,-3.1103091525672486,false,27,3663.352169973
15,0.55,0.55,0.55,0.5,4.0,0.0,0.3,0.0,15,8,6,8,8,6,6,-3.3630781548263453,false,27,3658.625282714
15,0.95,0.55,0.95,0.5,4.0,0.0,0.3,0.0,15,8,6,8,8,6,6,-3.3200725324042373,false,27,3653.166921138
9,0.75,0.75,0.75,2.25,0.0,2.0,0.3,0.0,9,4,2,4,4,2,2,-0.911368806441215,true,18230,82.074893863
9,0.55,0.55,0.95,4.0,4.0,4.0,0.3,0.0,9,4,2,4,4,2,2,-0.947458232005357,true,18952,84.738161327
15,0.95,0.95,0.55,4.0,-4.0,4.0,0.3,0.0,15,8,6,8,8,6,6,-3.1103091525672477,false,27,3692.923218025
9,0.95,0.55,0.55,0.5,4.0,4.0,0.3,0.0,9,4,2,4,4,2,2,-0.9113714953030871,true,18230,81.995560331
15,0.95,0.95,0.95,4.0,-4.0,0.0,0.3,0.0,15,8,6,8,8,6,6,-3.1103091525672477,false,27,3684.324360663
9,0.55,0.55,0.95,4.0,-4.0,0.0,0.3,0.0,9,4,2,4,4,2,2,-0.9474581518725264,true,18952,90.723522406
9,0.95,0.55,0.55,4.0,4.0,4.0,0.3,0.0,9,4,2,4,4,2,2,-0.911368107053806,true,18230,82.900617752
15,0.95,0.95,0.55,0.5,-4.0,0.0,0.3,0.0,15,8,6,8,8,6,6,-3.3200725324042373,false,27,3674.507743146
15,0.55,0.55,0.55,4.0,4.0,0.0,0.3,0.0,15,8,6,8,8,6,6,-3.198223789056369,false,27,3648.973338993
12,0.75,0.75,0.75,2.25,0.0,2.0,0.3,0.0,12,6,4,6,6,4,4,-1.7828754349530804,false,4095,3600.099029177
15,0.95,0.55,0.95,4.0,4.0,0.0,0.3,0.0,15,8,6,8,8,6,6,-3.110309152567249,false,27,3666.337110651
15,0.95,0.55,0.55,0.5,-4.0,4.0,0.3,0.0,15,8,6,8,8,6,6,-3.3200725324042373,false,27,3699.100552721
15,0.55,0.55,0.55,0.5,4.0,0.0,0.3,0.0,15,8,6,8,8,6,6,-3.3630781548263453,false,27,3648.902467682
9,0.95,0.95,0.55,0.5,-4.0,0.0,0.3,0.0,9,4,2,4,4,2,2,-0.9113714953030871,true,18230,87.92428463
9,0.95,0.55,0.55,0.5,-4.0,0.0,0.3,0.0,9,4,2,4,4,2,2,-0.9113714953030871,true,18230,89.654355281
12,0.75,0.75,0.75,4.0,0.0,2.0,0.3,0.0,12,6,4,6,6,4,4,-1.7827239501135153,false,4205,3600.757370881
9,0.55,0.95,0.55,4.0,-4.0,4.0,0.3,0.0,9,4,2,4,4,2,2,-0.9474581518725264,true,18952,92.630059033
15,0.55,0.55,0.55,4.0,-4.0,4.0,0.3,0.0,15,8,6,8,8,6,6,-3.198223789056369,false,27,3708.75542283
9,0.55,0.55,0.95,4.0,4.0,0.0,0.3,0.0,9,4,2,4,4,2,2,-0.947458232005357,true,18952,86.787786763
12,0.75,0.75,0.75,2.25,0.0,2.0,0.3,0.0,12,6,4,6,6,4,4,-1.7828710445139744,false,4080,3600.491845895
9,0.95,0.95,0.95,0.5,4.0,4.0,0.3,0.0,9,4,2,4,4,2,2,-0.9113714953030871,true,18230,80.484762705
9,0.55,0.95,0.95,4.0,-4.0,4.0,0.3,0.0,9,4,2,4,4,2,2,-0.9474581518725264,true,18952,95.66490514
9,0.95,0.55,0.55,0.5,-4.0,0.0,0.3,0.0,9,4,2,4,4,2,2,-0.9113714953030871,true,18230,90.63306671
9,0.95,0.95,0.95,0.5,4.0,0.0,0.3,0.0,9,4,2,4,4,2,2,-0.9113714953030871,true,18230,85.89376488
15,0.95,0.55,0.55,0.5,-4.0,4.0,0.3,0.0,15,8,6,8,8,6,6,-3.3200725324042373,false,27,3681.348908577
15,0.95,0.55,0.95,4.0,-4.0,0.0,0.3,0.0,15,8,6,8,8,6,6,-3.1103091525672486,false,27,3680.276224286
9,0.55,0.95,0.95,0.5,-4.0,0.0,0.3,0.0,9,4,2,4,4,2,2,-0.9474611207114852,true,18952,89.234894389
9,0.55,0.55,0.95,4.0,4.0,4.0,0.3,0.0,9,4,2,4,4,2,2,-0.947458232005357,true,18952,83.68292698
9,0.55,0.95,0.55,0.5,4.0,4.0,0.3,0.0,9,4,2,4,4,2,2,-0.9474611207114851,true,18952,89.10586768
15,0.95,0.95,0.95,4.0,-4.0,4.0,0.3,0.0,15,8,6,8,8,6,6,-3.110309152567249,false,27,3698.371336011
15,0.95,0.55,0.95,0.5,-4.0,4.0,0.3,0.0,15,8,6,8,8,6,6,-3.320072532404237,false,27,3687.848915352
12,0.75,0.75,0.75,2.25,0.0,4.0,0.3,0.0,12,6,4,6,6,4,4,-1.7828716317706172,false,4082,3600.036872164
15,0.55,0.95,0.55,0.5,4.0,0.0,0.3,0.0,15,8,6,8,8,6,6,-3.3630781548263453,false,27,3667.08800965
15,0.55,0.55,0.95,0.5,4.0,4.0,0.3,0.0,15,8,6,8,8,6,6,-3.3630781548263453,false,27,3651.506770147
15,0.95,0.55,0.95,0.5,4.0,4.0,0.3,0.0,15,8,6,8,8,6,6,-3.3200725324042373,false,27,3657.12854062
9,0.55,0.55,0.55,4.0,-4.0,0.0,0.3,0.0,9,4,2,4,4,2,2,-0.9474581518725264,true,18952,88.124596892
15,0.55,0.95,0.55,0.5,-4.0,4.0,0.3,0.0,15,8,6,8,8,6,6,-3.363078154826346,false,27,3715.750020014
9,0.95,0.55,0.95,0.5,4.0,0.0,0.3,0.0,9,4,2,4,4,2,2,-0.9113714953030871,true,18230,79.908775757
9,0.55,0.95,0.55,0.5,-4.0,0.0,0.3,0.0,9,4,2,4,4,2,2,-0.9474611207114851,true,18952,91.500967046
12,0.75,0.75,0.75,2.25,-4.0,2.0,0.3,0.0,12,6,4,6,6,4,4,-1.7828375629571016,false,3966,3600.624431237
9,0.95,0.55,0.95,4.0,-4.0,4.0,0.3,0.0,9,4,2,4,4,2,2,-0.911368107053806,true,18230,90.571416724
15,0.55,0.55,0.55,0.5,-4.0,0.0,0.3,0.0,15,8,6,8,8,6,6,-3.363078154826346,false,27,3664.223438859
9,0.95,0.95,0.55,0.5,4.0,4.0,0.3,0.0,9,4,2,4,4,2,2,-0.9113714953030871,true,18230,80.219741872
9,0.95,0.95,0.55,4.0,4.0,0.0,0.3,0.0,9,4,2,4,4,2,2,-0.911368107053806,true,18230,79.689088078
9,0.95,0.95,0.55,4.0,4.0,4.0,0.3,0.0,9,4,2,4,4,2,2,-0.911368107053806,true,18230,84.814313931
12,0.75,0.75,0.75,0.5,0.0,2.0,0.3,0.0,12,6,4,6,6,4,4,-1.7833237957711927,false,4186,3600.422109339
9,0.55,0.55,0.95,0.5,4.0,0.0,0.3,0.0,9,4,2,4,4,2,2,-0.9474611207114851,true,18952,83.012679784
9,0.55,0.95,0.55,4.0,4.0,0.0,0.3,0.0,9,4,2,4,4,2,2,-0.947458232005357,true,18952,95.44490914
9,0.55,0.55,0.95,0.5,4.0,0.0,0.3,0.0,9,4,2,4,4,2,2,-0.9474611207114851,true,18952,83.181717299
12,0.75,0.75,0.75,2.25,4.0,2.0,0.3,0.0,12,6,4,6,6,4,4,-1.7828550026268926,false,4090,3600.242889406
15,0.55,0.55,0.55,0.5,4.0,4.0,0.3,0.0,15,8,6,8,8,6,6,-3.3630781548263453,false,27,3636.27319526
9,0.55,0.55,0.95,0.5,4.0,4.0,0.3,0.0,9,4,2,4,4,2,2,-0.9474611207114851,true,18952,81.079340101
15,0.95,0.55,0.95,0.5,-4.0,0.0,0.3,0.0,15,8,6,8,8,6,6,-3.3200725324042377,false,27,3685.836944174
9,0.95,0.95,0.55,4.0,-4.0,0.0,0.3,0.0,9,4,2,4,4,2,2,-0.911368107053806,true,18230,83.721849011
15,0.55,0.95,0.95,4.0,-4.0,4.0,0.3,0.0,15,8,6,8,8,6,6,-3.1982237890563687,false,27,3690.438303007
12,0.75,0.95,0.75,2.25,0.0,2.0,0.3,0.0,12,6,4,6,6,4,4,-1.7828955054314346,false,4165,3600.448088836
9,0.55,0.95,0.95,4.0,4.0,0.0,0.3,0.0,9,4,2,4,4,2,2,-0.947458232005357,true,18952,82.097328275
12,0.75,0.75,0.75,2.25,0.0,2.0,0.3,0.0,12,6,4,6,6,4,4,-1.7828994388224533,false,4179,3600.283741425
9,0.95,0.55,0.95,0.5,4.0,4.0,0.3,0.0,9,4,2,4,4,2,2,-0.9113714953030871,true,18230,79.018916834
15,0.95,0.55,0.95,0.5,-4.0,0.0,0.3,0.0,15,8,6,8,8,6,6,-3.3200725324042373,false,27,3677.10089635
15,0.95,0.55,0.55,4.0,-4.0,4.0,0.3,0.0,15,8,6,8,8,6,6,-3.1103091525672477,false,27,3690.3222837
9,0.55,0.95,0.95,0.5,-4.0,0.0,0.3,0.0,9,4,2,4,4,2,2,-0.9474611207114851,true,18952,84.623586739
15,0.55,0.95,0.95,0.5,-4.0,4.0,0.3,0.0,15,8,6,8,8,6,6,-3.3630781548263453,false,27,3681.022030843
12,0.75,0.55,0.75,2.25,0.0,2.0,0.3,0.0,12,6,4,6,6,4,4,-1.7829013956492399,false,4186,3600.664915405
12,0.75,0.75,0.75,2.25,0.0,2.0,0.3,0.0,12,6,4,6,6,4,4,-1.782896068963006,false,4167,3600.408848219
9,0.95,0.55,0.95,0.5,4.0,0.0,0.3,0.0,9,4,2,4,4,2,2,-0.9113714953030871,true,18230,75.629503561
15,0.95,0.95,0.95,0.5,-4.0,0.0,0.3,0.0,15,8,6,8,8,6,6,-3.3200725324042373,false,27,3663.716073417
15,0.55,0.95,0.55,4.0,-4.0,4.0,0.3,0.0,15,8,6,8,8,6,6,-3.1982237890563687,false,27,3687.088500665
15,0.95,0.95,0.55,4.0,4.0,0.0,0.3,0.0,15,8,6,8,8,6,6,-3.1103091525672486,false,27,3653.616836093
15,0.95,0.55,0.55,4.0,-4.0,0.0,0.3,0.0,15,8,6,8,8,6,6,-3.1103091525672486,false,27,3713.196506891
12,0.75,0.75,0.75,4.0,0.0,2.0,0.3,0.0,12,6,4,6,6,4,4,-1.7827152535435673,false,4178,3600.255714935
9,0.55,0.95,0.55,4.0,-4.0,0.0,0.3,0.0,9,4,2,4,4,2,2,-0.9474581518725264,true,18952,87.258321916
15,0.55,0.55,0.55,4.0,4.0,0.0,0.3,0.0,15,8,6,8,8,6,6,-3.198223789056369,false,27,3675.843264155
15,0.55,0.55,0.95,0.5,4.0,4.0,0.3,0.0,15,8,6,8,8,6,6,-3.363078154826345,false,27,3644.886967842
15,0.95,0.95,0.95,4.0,-4.0,4.0,0.3,0.0,15,8,6,8,8,6,6,-3.1103091525672473,false,27,3673.626449492
9,0.55,0.55,0.55,4.0,4.0,4.0,0.3,0.0,9,4,2,4,4,2,2,-0.947458232005357,true,18952,88.316630449
15,0.55,0.55,0.55,4.0,-4.0,0.0,0.3,0.0,15,8,6,8,8,6,6,-3.1982237890563687,false,27,3701.63743289
9,0.55,0.95,0.55,4.0,4.0,4.0,0.3,0.0,9,4,2,4,4,2,2,-0.947458232005357,true,18952,85.063688769
9,0.55,0.95,0.95,0.5,4.0,4.0,0.3,0.0,9,4,2,4,4,2,2,-0.9474611207114851,true,18952,85.044785483
9,0.95,0.55,0.95,0.5,-4.0,4.0,0.3,0.0,9,4,2,4,4,2,2,-0.9113714953030871,true,18230,88.343259023
15,0.75,0.75,0.75,2.25,0.0,2.0,0.3,0.0,15,8,6,8,8,6,6,-3.1711544159059573,false,27,3675.215906941
15,0.95,0.95,0.95,0.5,4.0,0.0,0.3,0.0,15,8,6,8,8,6,6,-3.3200725324042377,false,27,3630.886100353
12,0.75,0.75,0.55,2.25,0.0,2.0,0.3,0.0,12,6,4,6,6,4,4,-1.7828923963057695,false,4154,3600.457471507
9,0.95,0.55,0.55,4.0,4.0,4.0,0.3,0.0,9,4,2,4,4,2,2,-0.911368107053806,true,18230,85.84273619
9,0.95,0.55,0.55,0.5,4.0,4.0,0.3,0.0,9,4,2,4,4,2,2,-0.9113714953030871,true,18230,81.463946264
15,0.95,0.55,0.95,0.5,-4.0,4.0,0.3,0.0,15,8,6,8,8,6,6,-3.3200725324042373,false,27,3625.767827136
15,0.55,0.95,0.55,4.0,4.0,0.0,0.3,0.0,15,8,6,8,8,6,6,-3.198223789056369,false,27,3638.440290471
9,0.55,0.95,0.55,4.0,4.0,4.0,0.3,0.0,9,4,2,4,4,2,2,-0.947458232005357,true,18952,84.027473892
15,0.95,0.55,0.55,4.0,4.0,0.0,0.3,0.0,15,8,6,8,8,6,6,-3.1103091525672486,false,27,3650.32358678
15,0.55,0.55,0.95,4.0,-4.0,0.0,0.3,0.0,15,8,6,8,8,6,6,-3.198223789056369,false,27,3681.335548926
12,0.75,0.75,0.75,2.25,0.0,2.0,0.3,0.0,12,6,4,6,6,4,4,-1.7828835449454985,false,4123,3600.28311575
15,0.95,0.95,0.95,0.5,-4.0,4.0,0.3,0.0,15,8,6,8,8,6,6,-3.3200725324042373,false,27,3663.716226552
9,0.55,0.55,0.55,4.0,-4.0,4.0,0.3,0.0,9,4,2,4,4,2,2,-0.9474581518725264,true,18952,94.975484519
15,0.95,0.55,0.55,4.0,4.0,4.0,0.3,0.0,15,8,6,8,8,6,6,-3.1103091525672486,false,27,3638.166367719
9,0.75,0.75,0.75,2.25,0.0,2.0,0.3,0.0,9,4,2,4,4,2,2,-0.911368806441215,true,18230,81.370491102
15,0.95,0.55,0.55,0.5,4.0,4.0,0.3,0.0,15,8,6,8,8,6,6,-3.320072532404237,false,27,3639.832279113
15,0.95,0.95,0.95,0.5,-4.0,0.0,0.3,0.0,15,8,6,8,8,6,6,-3.3311094144476594,false,28,3665.999280309
9,0.55,0.55,0.95,0.5,4.0,4.0,0.3,0.0,9,4,2,4,4,2,2,-0.9474611207114851,true,18952,85.477716875
9,0.95,0.95,0.95,4.0,4.0,0.0,0.3,0.0,9,4,2,4,4,2,2,-0.911368107053806,true,18230,85.551538386
9,0.55,0.95,0.95,4.0,-4.0,0.0,0.3,0.0,9,4,2,4,4,2,2,-0.9474581518725264,true,18952,94.9416188
9,0.55,0.95,0.55,0.5,-4.0,4.0,0.3,0.0,9,4,2,4,4,2,2,-0.9474611207114852,true,18952,93.541996423
15,0.95,0.95,0.55,4.0,-4.0,0.0,0.3,0.0,15,8,6,8,8,6,6,-3.1212377896424033,false,28,3647.844315568
12,0.75,0.75,0.75,2.25,4.0,2.0,0.3,0.0,12,6,4,6,6,4,4,-1.7829040207727607,false,4262,3600.24000243
9,0.55,0.95,0.55,4.0,-4.0,4.0,0.3,0.0,9,4,2,4,4,2,2,-0.9474581518725264,true,18952,91.082472175
15,0.55,0.95,0.55,0.5,-4.0,4.0,0.3,0.0,15,8,6,8,8,6,6,-3.372522236039319,false,28,3632.497835795
15,0.95,0.95,0.55,0.5,-4.0,4.0,0.3,0.0,15,8,6,8,8,6,6,-3.3311094144476594,false,28,3626.068300868
15,0.95,0.95,0.95,4.0,4.0,0.0,0.3,0.0,15,8,6,8,8,6,6,-3.1212377896424033,false,28,3635.590741232
12,0.75,0.75,0.75,2.25,4.0,2.0,0.3,0.0,12,6,4,6,6,4,4,-1.7829167343482708,false,4309,3600.178868504
15,0.95,0.55,0.55,0.5,4.0,0.0,0.3,0.0,15,8,6,8,8,6,6,-3.3413579477736945,false,29,3658.963174639
15,0.95,0.55,0.55,0.5,-4.0,0.0,0.3,0.0,15,8,6,8,8,6,6,-3.3311094144476603,false,28,3649.918826801
9,0.95,0.95,0.55,4.0,4.0,4.0,0.3,0.0,9,4,2,4,4,2,2,-0.911368107053806,true,18230,81.850105121
15,0.55,0.95,0.95,0.5,-4.0,4.0,0.3,0.0,15,8,6,8,8,6,6,-3.372522236039319,false,28,3636.141732358
15,0.95,0.55,0.55,0.5,4.0,0.0,0.3,0.0,15,8,6,8,8,6,6,-3.3413579477736945,false,29,3645.431465324
9,0.95,0.95,0.95,4.0,-4.0,0.0,0.3,0.0,9,4,2,4,4,2,2,-0.911368107053806,true,18230,86.38771853
15,0.55,0.95,0.55,0.5,4.0,0.0,0.3,0.0,15,8,6,8,8,6,6,-3.372522236039319,false,28,3615.722363017
15,0.55,0.95,0.55,0.5,4.0,0.0,0.3,0.0,15,8,6,8,8,6,6,-3.381291740022795,false,29,3645.30792313
15,0.55,0.95,0.95,0.5,4.0,4.0,0.3,0.0,15,8,6,8,8,6,6,-3.381291740022795,false,29,3627.686998387
15,0.95,0.95,0.95,4.0,-4.0,0.0,0.3,0.0,15,8,6,8,8,6,6,-3.131604312963145,false,29,3644.460772315
15,0.55,0.55,0.95,4.0,-4.0,4.0,0.3,0.0,15,8,6,8,8,6,6,-3.2168953768072135,false,29,3622.373758656
9,0.55,0.55,0.95,4.0,4.0,4.0,0.3,0.0,9,4,2,4,4,2,2,-0.947458232005357,true,18952,79.667881205
12,0.75,0.75,0.75,2.25,0.0,0.0,0.3,0.0,12,6,4,6,6,4,4,-1.7830049135151405,false,4593,3600.181886034
15,0.55,0.95,0.55,4.0,4.0,0.0,0.3,0.0,15,8,6,8,8,6,6,-3.225480269372983,false,30,3613.291606299
12,0.55,0.75,0.75,2.25,0.0,2.0,0.3,0.0,12,6,4,6,6,4,4,-1.8003220039097252,false,4734,3600.159172039
15,0.95,0.55,0.55,4.0,4.0,0.0,0.3,0.0,15,8,6,8,8,6,6,-3.284832429484158,false,50,3652.132815659
15,0.55,0.95,0.95,4.0,-4.0,0.0,0.3,0.0,15,8,6,8,8,6,6,-3.3368768465059113,false,50,3635.636832669
15,0.95,0.55,0.55,0.5,-4.0,4.0,0.3,0.0,15,8,6,8,8,6,6,-3.459948119117814,false,50,3615.316093042
9,0.55,0.95,0.95,4.0,-4.0,0.0,0.3,0.0,9,4,2,4,4,2,2,-0.9474581518725264,true,18952,89.531292197
12,0.75,0.75,0.75,2.25,0.0,2.0,0.3,0.0,12,6,4,6,6,4,4,-1.783412901431128,false,7447,3600.382318999
15,0.55,0.55,0.55,4.0,4.0,4.0,0.3,0.0,15,8,6,8,8,6,6,-3.340554887060648,false,51,3642.891244935
9,0.95,0.55,0.95,4.0,-4.0,0.0,0.3,0.0,9,4,2,4,4,2,2,-0.911368107053806,true,18230,85.470278151
9,0.55,0.55,0.95,0.5,-4.0,0.0,0.3,0.0,9,4,2,4,4,2,2,-0.9474611207114851,true,18952,87.970182288
9,0.95,0.95,0.55,0.5,4.0,4.0,0.3,0.0,9,4,2,4,4,2,2,-0.9113714953030871,true,18230,76.701405758
9,0.55,0.95,0.95,4.0,4.0,4.0,0.3,0.0,9,4,2,4,4,2,2,-0.947458232005357,true,18952,81.294891096
9,0.55,0.55,0.55,0.5,-4.0,0.0,0.3,0.0,9,4,2,4,4,2,2,-0.9474611207114851,true,18952,85.161629992
9,0.55,0.55,0.95,0.5,-4.0,0.0,0.3,0.0,9,4,2,4,4,2,2,-0.9474611207114851,true,18952,85.183663708
15,0.55,0.95,0.95,4.0,-4.0,4.0,0.3,0.0,15,8,6,8,8,6,6,-3.340554887060648,false,51,3667.185495575
