radius,ncity,ndp,nap,ndpdc_p,ndpac_p,ndc_p,nac_p,pp,psc,pdc,pac,alpha,beta,gamma,ndpdc,ndpac,ndc,nac,utility,converged,iterations,time
0.4,15,4,2,1,1,0.2,0.2,0.95,0.95,0.6,0.6,8,8,8,4,4,1,1,-1.100724441,TRUE,22018,164.0781023
0.2,15,4,6,1,1,0.8,0.2,0.95,0.6,0.6,0.95,1,8,8,4,4,3,1,-2.535461586,FALSE,659,1803.293626
0.4,15,8,2,0.2,1,0.8,0.2,0.6,0.95,0.6,0.95,8,-8,8,2,8,2,2,-1.38574341,TRUE,14546,244.8531539
0.2,9,4,2,1,0.2,0.8,0.8,0.95,0.6,0.6,0.6,1,8,0,4,1,3,1,-0.584117751,TRUE,5153,4.409253019
0.2,15,8,2,0.2,0.2,0.2,0.8,0.95,0.95,0.6,0.95,8,8,8,2,2,1,2,-1.594633778,TRUE,31843,44.35280797
0.4,9,4,2,0.2,1,0.8,0.8,0.95,0.95,0.6,0.6,1,-8,8,1,4,1,3,-1.110742232,TRUE,20275,23.39453404
0.4,9,8,6,0.2,1,0.2,0.2,0.95,0.95,0.95,0.95,1,-8,8,2,8,1,2,-0.465544253,TRUE,2109,98.02465999
0.2,15,8,6,0.2,1,0.2,0.2,0.6,0.6,0.6,0.6,1,-8,8,2,8,1,2,-3.223274366,FALSE,177,1811.025429
0.3,12,6,4,0.6,0.6,0.5,0.5,0.775,0.775,0.775,0.775,4.5,0,4,4,4,2,2,-1.305477126,FALSE,12711,1801.371783
0.4,9,4,2,1,1,0.2,0.2,0.6,0.6,0.6,0.6,1,-8,0,4,4,1,1,-0.57898903,TRUE,11582,26.21788455
0.4,9,8,2,1,1,0.2,0.8,0.6,0.95,0.6,0.95,1,8,8,8,8,2,6,-0.839656068,FALSE,11857,1801.333352
0.4,9,8,6,0.2,0.2,0.8,0.8,0.6,0.95,0.6,0.6,8,-8,0,2,2,2,2,-0.266416338,TRUE,3233,4.122123339
0.2,15,4,6,1,1,0.8,0.2,0.95,0.6,0.6,0.95,1,8,8,4,4,3,1,-2.534457196,FALSE,643,1803.218058
0.2,9,8,6,1,1,0.8,0.8,0.6,0.6,0.6,0.6,8,8,8,8,8,6,6,-1.912415013,FALSE,2983,1801.586224
0.2,15,8,2,0.2,0.2,0.2,0.8,0.95,0.95,0.6,0.95,8,8,8,2,2,1,2,-1.593835792,TRUE,31843,42.44316472
0.2,9,4,2,1,0.2,0.8,0.8,0.95,0.6,0.6,0.6,1,8,0,4,1,3,1,-0.586819386,TRUE,5153,4.525145878
0.2,9,8,6,1,0.2,0.2,0.2,0.95,0.6,0.95,0.95,1,8,0,8,2,2,1,-0.067754973,TRUE,898,40.15822367
0.4,15,4,2,1,0.2,0.8,0.8,0.6,0.95,0.95,0.95,1,8,0,4,1,3,1,-0.709486374,TRUE,13388,25.5236679
0.4,15,4,2,0.2,0.2,0.2,0.2,0.95,0.6,0.95,0.95,1,8,8,1,1,1,1,-0.906807569,TRUE,2564,2.709138846
0.4,15,8,6,0.2,1,0.2,0.2,0.6,0.6,0.95,0.95,8,8,0,2,8,1,2,-1.929051874,FALSE,176,1810.790723
0.2,9,8,2,1,1,0.2,0.8,0.6,0.95,0.95,0.6,8,-8,0,8,8,2,6,-1.01873242,FALSE,12181,1801.29798
0.4,15,8,6,0.2,0.2,0.8,0.8,0.95,0.6,0.6,0.6,1,8,8,2,2,2,2,-0.088713386,TRUE,76,13.77975685
0.4,9,8,6,1,1,0.8,0.8,0.6,0.6,0.95,0.95,1,-8,0,8,8,6,6,-0.236843805,FALSE,2739,1801.373666
0.3,12,6,4,0.6,0.6,0.5,0.5,0.775,0.775,0.775,0.775,4.5,0,4,4,4,2,2,-1.301179448,FALSE,12888,1801.210317
0.2,9,4,2,0.2,1,0.8,0.8,0.95,0.95,0.95,0.95,8,8,0,1,4,1,3,-1.280274522,TRUE,21466,29.48014527
0.4,15,4,6,0.2,1,0.2,0.8,0.6,0.95,0.95,0.6,8,-8,8,1,4,1,3,-3.90534015,FALSE,2630,1801.462347
0.2,9,4,2,0.2,0.2,0.2,0.2,0.6,0.95,0.6,0.6,1,8,8,1,1,1,1,-0.912684805,TRUE,11640,5.44198234
0.2,9,4,6,0.2,0.2,0.8,0.2,0.6,0.6,0.95,0.6,1,-8,0,1,1,1,1,-1.709910841,TRUE,27256,18.03297113
0.4,9,4,6,0.2,1,0.2,0.8,0.95,0.6,0.95,0.6,1,8,0,1,4,1,3,-1.874106578,TRUE,26272,72.51158424
0.2,15,8,2,1,1,0.2,0.8,0.95,0.6,0.95,0.6,1,8,8,8,8,2,6,-1.592225065,FALSE,4256,1801.544977
0.4,15,8,6,1,1,0.8,0.8,0.95,0.95,0.95,0.95,8,8,8,8,8,6,6,-0.125751247,FALSE,14,1907.113393
0.2,15,4,6,1,0.2,0.2,0.8,0.6,0.6,0.95,0.6,8,8,0,4,1,1,1,-3.062514341,FALSE,2659,1801.378077
0.4,15,4,2,0.2,0.2,0.2,0.2,0.95,0.6,0.95,0.95,1,8,8,1,1,1,1,-0.911173481,TRUE,2549,2.853798413
0.2,15,8,6,1,1,0.8,0.8,0.95,0.95,0.6,0.6,1,-8,0,8,8,6,6,-2.674128982,FALSE,14,1890.111209
0.4,9,8,2,1,1,0.2,0.8,0.6,0.95,0.6,0.95,1,8,8,8,8,2,6,-0.839655526,FALSE,11813,1801.316236
0.4,9,4,6,1,0.2,0.2,0.8,0.95,0.95,0.6,0.95,8,8,0,4,1,1,1,-0.124171867,TRUE,1033,3.658835595
0.4,15,4,6,1,0.2,0.2,0.8,0.6,0.6,0.6,0.95,1,-8,8,4,1,1,1,-2.141711301,FALSE,2654,1801.788442
0.4,15,8,2,0.2,0.2,0.2,0.8,0.95,0.95,0.95,0.6,1,-8,0,2,2,1,2,-0.041239836,TRUE,31,1.231233939
0.2,9,8,6,0.2,0.2,0.8,0.8,0.6,0.95,0.95,0.95,1,8,8,2,2,2,2,-0.886723902,TRUE,12450,13.32158413
0.2,15,4,2,1,1,0.2,0.2,0.95,0.95,0.95,0.95,1,-8,0,4,4,1,1,-1.662673702,TRUE,33257,220.7964916
0.2,15,4,2,1,0.2,0.8,0.8,0.6,0.95,0.6,0.6,8,-8,8,4,1,3,1,-1.662268501,TRUE,33257,70.56611614
0.2,9,8,6,0.2,0.2,0.8,0.8,0.6,0.95,0.95,0.95,1,8,8,2,2,2,2,-0.883874153,TRUE,12452,12.0309808
0.2,15,8,6,0.2,0.2,0.8,0.8,0.95,0.6,0.95,0.95,8,-8,0,2,2,2,2,-1.911582522,FALSE,9510,1801.375731
0.4,15,8,2,1,0.2,0.8,0.2,0.6,0.6,0.95,0.6,1,-8,8,8,2,6,1,-0.34538605,TRUE,5355,161.0670577
0.4,15,4,6,1,1,0.8,0.2,0.95,0.6,0.95,0.6,8,-8,0,4,4,3,1,-1.08564815,FALSE,648,1803.794468
0.2,9,4,6,1,0.2,0.2,0.8,0.95,0.95,0.95,0.6,1,-8,8,4,1,1,1,-0.532067905,TRUE,5898,13.90102173
0.2,15,4,2,1,0.2,0.8,0.8,0.6,0.95,0.6,0.6,8,-8,8,4,1,3,1,-1.662305352,TRUE,33257,69.08900153
0.4,9,8,2,1,0.2,0.8,0.2,0.95,0.95,0.95,0.6,8,8,0,8,2,6,1,-0.004597155,TRUE,15,1.317173605
0.4,9,4,6,1,1,0.8,0.2,0.6,0.95,0.95,0.6,1,8,8,4,4,3,1,-0.735429825,TRUE,14710,129.8072591
0.2,15,8,6,1,0.2,0.2,0.2,0.6,0.95,0.95,0.95,8,-8,8,8,2,2,1,-1.92064449,FALSE,184,1802.968997
0.3,12,6,4,0.6,0.6,0.5,0.5,0.775,0.775,0.775,0.775,4.5,0,4,4,4,2,2,-1.302890198,FALSE,12425,1800.052581
0.2,9,8,2,0.2,1,0.8,0.2,0.95,0.6,0.95,0.6,8,-8,8,2,8,2,2,-1.053437829,TRUE,9464,65.48776587
0.4,15,8,6,1,0.2,0.2,0.2,0.6,0.95,0.6,0.6,1,8,0,8,2,2,1,-0.510736816,FALSE,183,1803.206044
0.2,9,4,2,1,1,0.2,0.2,0.6,0.6,0.95,0.95,8,8,8,4,4,1,1,-0.706151074,TRUE,11902,30.63357456
0.4,15,4,6,1,0.2,0.2,0.8,0.6,0.6,0.6,0.95,1,-8,8,4,1,1,1,-2.13137097,FALSE,2646,1800.39603
0.2,15,8,6,0.2,0.2,0.8,0.8,0.95,0.6,0.95,0.95,8,-8,0,2,2,2,2,-1.913039485,FALSE,9885,1800.209032
0.4,15,4,6,1,1,0.8,0.2,0.95,0.6,0.95,0.6,8,-8,0,4,4,3,1,-1.087087331,FALSE,644,1802.395804
0.4,9,4,6,0.2,0.2,0.8,0.2,0.6,0.6,0.6,0.95,8,8,8,1,1,1,1,-0.826175975,TRUE,12484,8.466080705
0.4,9,8,2,0.2,0.2,0.2,0.8,0.6,0.6,0.95,0.6,8,8,8,2,2,1,2,-0.206750393,TRUE,2366,1.084232605
0.2,9,8,6,1,1,0.8,0.8,0.6,0.6,0.6,0.6,8,8,8,8,8,6,6,-1.912858499,FALSE,2945,1800.178761
0.3,12,6,4,0.6,0.6,0.5,0.5,0.775,0.775,0.775,0.775,4.5,0,4,4,4,2,2,-1.306311941,FALSE,12921,1800.163026
0.4,15,8,2,0.2,1,0.8,0.2,0.6,0.95,0.6,0.95,8,-8,8,2,8,2,2,-1.392090116,TRUE,14572,243.5439896
0.4,9,8,6,1,0.2,0.2,0.2,0.95,0.6,0.6,0.6,8,-8,8,8,2,2,1,-0.006292587,TRUE,28,1.16312603
0.3,12,6,4,0.6,0.6,0.5,0.5,0.775,0.775,0.775,0.775,4.5,0,4,4,4,2,2,-1.30417382,FALSE,12863,1800.137641
0.3,12,6,4,0.6,0.6,0.5,0.5,0.775,0.775,0.775,0.775,4.5,0,4,4,4,2,2,-1.307196878,FALSE,12944,1800.062615
0.4,15,8,2,1,1,0.2,0.8,0.95,0.6,0.6,0.95,8,-8,0,8,8,2,6,-0.774460912,FALSE,4285,1800.185207
0.4,9,8,2,0.2,0.2,0.2,0.8,0.6,0.6,0.95,0.6,8,8,8,2,2,1,2,-0.207379529,TRUE,2377,1.425226632
0.2,15,4,6,0.2,1,0.2,0.8,0.6,0.95,0.6,0.95,1,8,0,1,4,1,3,-4.102652003,FALSE,2650,1800.409689
0.4,9,4,2,0.2,0.2,0.2,0.2,0.6,0.95,0.95,0.95,8,-8,0,1,1,1,1,-0.475629482,TRUE,6512,1.639132971
0.3,12,6,4,0.6,0.6,0.5,0.5,0.775,0.775,0.775,0.775,4.5,0,4,4,4,2,2,-1.302161619,FALSE,13055,1800.121462
0.3,12,6,4,0.6,0.6,0.5,0.5,0.775,0.775,0.775,0.775,4.5,0,4,4,4,2,2,-1.302485902,FALSE,12624,1800.079443
0.2,9,4,6,0.2,1,0.2,0.8,0.95,0.6,0.6,0.95,8,-8,8,1,4,1,3,-2.686301936,TRUE,48110,130.7873684
0.2,9,4,6,0.2,1,0.2,0.8,0.95,0.6,0.6,0.95,8,-8,8,1,4,1,3,-2.686143523,TRUE,48063,129.3120032
0.2,15,4,6,0.2,0.2,0.8,0.2,0.95,0.95,0.95,0.6,8,8,8,1,1,1,1,-2.99303438,FALSE,10273,1800.075061
0.2,9,8,2,1,1,0.2,0.8,0.6,0.95,0.95,0.6,8,-8,0,8,8,2,6,-1.0187608,FALSE,12658,1800.083429
0.2,15,4,2,0.2,1,0.8,0.8,0.6,0.6,0.95,0.95,1,-8,8,1,4,1,3,-1.670260447,TRUE,33259,73.11072406
0.3,12,6,4,0.6,0.6,0.5,0.5,0.775,0.775,0.775,0.775,4.5,0,4,4,4,2,2,-1.303707796,FALSE,12637,1800.099158
0.4,9,4,2,1,0.2,0.8,0.8,0.95,0.6,0.95,0.95,8,-8,8,4,1,3,1,-0.05530056,TRUE,743,0.600583718
0.4,9,4,6,0.2,0.2,0.8,0.2,0.6,0.6,0.6,0.95,8,8,8,1,1,1,1,-0.826733768,TRUE,12474,9.574296721
0.2,15,4,2,1,1,0.2,0.2,0.95,0.95,0.95,0.95,1,-8,0,4,4,1,1,-1.662691994,TRUE,33257,228.888438
0.2,9,4,6,1,0.2,0.2,0.8,0.95,0.95,0.95,0.6,1,-8,8,4,1,1,1,-0.529959085,TRUE,5896,13.55535279
0.4,9,4,2,1,1,0.2,0.2,0.6,0.6,0.6,0.6,1,-8,0,4,4,1,1,-0.578968733,TRUE,11582,26.05066536
0.2,15,8,6,0.2,1,0.2,0.2,0.6,0.6,0.6,0.6,1,-8,8,2,8,1,2,-3.193861678,FALSE,173,1807.986725
0.4,15,4,6,0.2,0.2,0.8,0.2,0.95,0.95,0.6,0.95,1,-8,0,1,1,1,1,-1.327774944,TRUE,10136,1768.530052
0.2,15,4,2,0.2,0.2,0.2,0.2,0.95,0.6,0.6,0.6,8,-8,0,1,1,1,1,-1.662943578,TRUE,33258,15.25703239
0.2,9,4,2,0.2,0.2,0.2,0.2,0.6,0.95,0.6,0.6,1,8,8,1,1,1,1,-0.912101483,TRUE,11588,2.67060232
0.2,15,4,6,0.2,0.2,0.8,0.2,0.95,0.95,0.95,0.6,8,8,8,1,1,1,1,-2.983037037,FALSE,10245,1800.077167
0.4,9,4,6,0.2,1,0.2,0.8,0.95,0.6,0.95,0.6,1,8,0,1,4,1,3,-1.870386675,TRUE,26260,67.19098912
0.4,9,4,6,1,0.2,0.2,0.8,0.95,0.95,0.6,0.95,8,8,0,4,1,1,1,-0.130412946,TRUE,1026,2.245579319
0.4,9,4,2,0.2,1,0.8,0.8,0.95,0.95,0.6,0.6,1,-8,8,1,4,1,3,-1.111158298,TRUE,20109,24.29979838
0.4,15,4,2,0.2,1,0.8,0.8,0.6,0.6,0.6,0.6,8,8,0,1,4,1,3,-1.635600618,TRUE,30514,61.9352865
0.4,15,8,6,1,1,0.8,0.8,0.95,0.95,0.95,0.95,8,8,8,8,8,6,6,-0.087827628,FALSE,14,1910.088919
0.4,15,4,2,1,0.2,0.8,0.8,0.6,0.95,0.95,0.95,1,8,0,4,1,3,1,-0.709061526,TRUE,13386,29.20481926
0.2,15,8,2,0.2,1,0.8,0.2,0.6,0.95,0.95,0.6,1,8,0,2,8,2,2,-1.642682812,TRUE,31846,502.1384324
0.2,15,8,2,0.2,1,0.8,0.2,0.6,0.95,0.95,0.6,1,8,0,2,8,2,2,-1.643208306,TRUE,31843,508.6959906
0.4,15,8,6,1,0.2,0.2,0.2,0.6,0.95,0.6,0.6,1,8,0,8,2,2,1,-0.490951046,FALSE,183,1800.430346
0.4,9,4,6,0.2,0.2,0.8,0.2,0.6,0.6,0.6,0.95,8,8,8,1,1,1,1,-0.82585335,TRUE,12491,9.8451108
0.4,9,8,2,0.2,1,0.8,0.2,0.95,0.6,0.6,0.95,1,8,0,2,8,2,2,-0.537226224,TRUE,3114,17.30994098
0.4,9,8,6,0.2,1,0.2,0.2,0.95,0.95,0.95,0.95,1,-8,8,2,8,1,2,-0.45015884,TRUE,2109,89.32466447
0.2,9,4,2,1,1,0.2,0.2,0.6,0.6,0.95,0.95,8,8,8,4,4,1,1,-0.702642871,TRUE,11690,29.97170255
0.2,15,4,2,1,0.2,0.8,0.8,0.6,0.95,0.6,0.6,8,-8,8,4,1,3,1,-1.66219518,TRUE,33257,63.43680902
0.2,15,8,6,1,0.2,0.2,0.2,0.6,0.95,0.95,0.95,8,-8,8,8,2,2,1,-1.954277474,FALSE,179,1806.411947
0.2,9,4,6,1,0.2,0.2,0.8,0.95,0.95,0.95,0.6,1,-8,8,4,1,1,1,-0.534088451,TRUE,5900,13.05896131
0.2,9,4,2,1,1,0.2,0.2,0.6,0.6,0.95,0.95,8,8,8,4,4,1,1,-0.703587474,TRUE,11947,28.75058862
0.4,9,8,6,1,0.2,0.2,0.2,0.95,0.6,0.6,0.6,8,-8,8,8,2,2,1,-0.006703731,TRUE,26,1.057458287
0.3,12,6,4,0.6,0.6,0.5,0.5,0.775,0.775,0.775,0.775,4.5,0,4,4,4,2,2,-1.306581313,FALSE,12818,1800.084194
0.2,9,8,2,1,0.2,0.8,0.2,0.95,0.95,0.6,0.95,1,-8,8,8,2,6,1,-0.134512548,TRUE,845,8.002515839
0.4,15,4,6,1,0.2,0.2,0.8,0.6,0.6,0.6,0.95,1,-8,8,4,1,1,1,-2.146508295,FALSE,2606,1800.349399
0.2,9,8,2,1,0.2,0.8,0.2,0.95,0.95,0.6,0.95,1,-8,8,8,2,6,1,-0.128494899,TRUE,855,8.115793095
0.4,15,4,2,1,1,0.2,0.2,0.95,0.95,0.6,0.6,8,8,8,4,4,1,1,-1.100728828,TRUE,22018,152.8245871
0.4,15,4,2,1,0.2,0.8,0.8,0.6,0.95,0.95,0.95,1,8,0,4,1,3,1,-0.709679868,TRUE,13388,22.98086517
0.2,9,8,2,0.2,0.2,0.2,0.8,0.6,0.6,0.6,0.95,1,-8,0,2,2,1,2,-0.616074353,TRUE,8244,3.290473596
0.4,9,8,6,1,0.2,0.2,0.2,0.95,0.6,0.6,0.6,8,-8,8,8,2,2,1,-0.007272995,TRUE,30,1.161334808
0.4,15,4,6,0.2,1,0.2,0.8,0.6,0.95,0.95,0.6,8,-8,8,1,4,1,3,-3.909449716,FALSE,2629,1800.108168
0.4,9,4,2,1,1,0.2,0.2,0.6,0.6,0.6,0.6,1,-8,0,4,4,1,1,-0.578937775,TRUE,11582,26.68045302
0.2,9,8,6,1,0.2,0.2,0.2,0.95,0.6,0.95,0.95,1,8,0,8,2,2,1,-0.069436339,TRUE,924,36.74347341
0.4,15,4,6,0.2,1,0.2,0.8,0.6,0.95,0.95,0.6,8,-8,8,1,4,1,3,-3.909788603,FALSE,2656,1800.409849
0.4,15,8,6,1,1,0.8,0.8,0.95,0.95,0.95,0.95,8,8,8,8,8,6,6,-0.08197797,FALSE,14,1818.904026
0.2,15,4,6,0.2,1,0.2,0.8,0.6,0.95,0.6,0.95,1,8,0,1,4,1,3,-4.103362274,FALSE,2703,1800.683168
0.4,9,4,6,1,1,0.8,0.2,0.6,0.95,0.95,0.6,1,8,8,4,4,3,1,-0.735430116,TRUE,14710,132.9759176
0.2,9,8,2,0.2,0.2,0.2,0.8,0.6,0.6,0.6,0.95,1,-8,0,2,2,1,2,-0.613601195,TRUE,8261,5.367397621
0.2,15,8,2,0.2,0.2,0.2,0.8,0.95,0.95,0.6,0.95,8,8,8,2,2,1,2,-1.594211596,TRUE,31843,38.28043282
0.2,15,8,6,0.2,0.2,0.8,0.8,0.95,0.6,0.95,0.95,8,-8,0,2,2,2,2,-1.962778317,FALSE,13241,1800.155242
0.2,15,8,2,1,0.2,0.8,0.2,0.6,0.6,0.6,0.95,8,8,0,8,2,6,1,-1.5879877,TRUE,31843,868.6935667
0.4,15,4,2,1,1,0.2,0.2,0.95,0.95,0.6,0.6,8,8,8,4,4,1,1,-1.100757141,TRUE,22018,157.1496892
0.2,9,8,6,0.2,1,0.2,0.2,0.95,0.95,0.6,0.6,8,8,0,2,8,1,2,-1.150765559,TRUE,17153,694.6009819
0.2,9,8,6,0.2,1,0.2,0.2,0.95,0.95,0.6,0.6,8,8,0,2,8,1,2,-1.153459518,TRUE,17151,692.0530519
0.2,15,4,2,0.2,1,0.8,0.8,0.6,0.6,0.95,0.95,1,-8,8,1,4,1,3,-1.67026248,TRUE,33258,74.05473717
0.2,9,8,6,0.2,1,0.2,0.2,0.95,0.95,0.6,0.6,8,8,0,2,8,1,2,-1.155147316,TRUE,17150,710.1125654
0.2,15,8,6,0.2,1,0.2,0.2,0.6,0.6,0.6,0.6,1,-8,8,2,8,1,2,-3.271693572,FALSE,267,1805.204375
0.4,9,8,6,0.2,0.2,0.8,0.8,0.6,0.95,0.6,0.6,8,-8,0,2,2,2,2,-0.261020822,TRUE,3027,2.770785136
0.2,9,8,6,1,1,0.8,0.8,0.6,0.6,0.6,0.6,8,8,8,8,8,6,6,-1.910962382,FALSE,3717,1800.051031
0.2,15,4,2,0.2,0.2,0.2,0.2,0.95,0.6,0.6,0.6,8,-8,0,1,1,1,1,-1.663214872,TRUE,33258,17.8436706
0.4,9,4,2,1,0.2,0.8,0.8,0.95,0.6,0.95,0.95,8,-8,8,4,1,3,1,-0.053346542,TRUE,741,0.729885494
0.2,15,8,2,1,0.2,0.8,0.2,0.6,0.6,0.6,0.95,8,8,0,8,2,6,1,-1.588164777,TRUE,31843,870.3163755
0.4,15,8,6,1,0.2,0.2,0.2,0.6,0.95,0.6,0.6,1,8,0,8,2,2,1,-0.548703612,FALSE,248,1805.660784
0.3,12,6,4,0.6,0.6,0.5,0.5,0.775,0.775,0.775,0.775,4.5,0,4,4,4,2,2,-1.303723096,FALSE,16170,1800.04439
0.2,9,4,6,1,1,0.8,0.2,0.6,0.95,0.6,0.95,8,-8,0,4,4,3,1,-1.611669792,TRUE,32236,278.8184855
0.2,15,8,2,0.2,1,0.8,0.2,0.6,0.95,0.95,0.6,1,8,0,2,8,2,2,-1.642898099,TRUE,31845,479.4682172
0.4,9,8,2,1,0.2,0.8,0.2,0.95,0.95,0.95,0.6,8,8,0,8,2,6,1,-0.003520099,TRUE,12,0.17716596
0.2,15,8,6,1,1,0.8,0.8,0.95,0.95,0.6,0.6,1,-8,0,8,8,6,6,-2.864408601,FALSE,19,1839.905365
0.2,9,8,2,1,0.2,0.8,0.2,0.95,0.95,0.6,0.95,1,-8,8,8,2,6,1,-0.137660027,TRUE,831,8.422829442
0.2,15,4,6,0.2,0.2,0.8,0.2,0.95,0.95,0.95,0.6,8,8,8,1,1,1,1,-3.00612992,FALSE,14186,1800.093502
0.4,9,4,2,0.2,0.2,0.2,0.2,0.6,0.95,0.95,0.95,8,-8,0,1,1,1,1,-0.474319949,TRUE,6552,1.577177127
0.2,15,4,2,0.2,0.2,0.2,0.2,0.95,0.6,0.6,0.6,8,-8,0,1,1,1,1,-1.663013036,TRUE,33257,17.23748495
0.4,9,4,6,0.2,1,0.2,0.8,0.95,0.6,0.95,0.6,1,8,0,1,4,1,3,-1.876338975,TRUE,26260,66.50006548
0.4,9,4,6,1,0.2,0.2,0.8,0.95,0.95,0.6,0.95,8,8,0,4,1,1,1,-0.132149733,TRUE,1019,2.159692614
0.4,9,8,6,1,1,0.8,0.8,0.6,0.6,0.95,0.95,1,-8,0,8,8,6,6,-0.235967136,FALSE,3876,1800.116982
0.2,15,8,2,1,0.2,0.8,0.2,0.6,0.6,0.6,0.95,8,8,0,8,2,6,1,-1.587794866,TRUE,31843,854.4611796
0.2,15,8,6,1,0.2,0.2,0.2,0.6,0.95,0.95,0.95,8,-8,8,8,2,2,1,-2.026577019,FALSE,228,1801.617226
0.4,9,4,2,0.2,1,0.8,0.8,0.95,0.95,0.6,0.6,1,-8,8,1,4,1,3,-1.11146165,TRUE,20277,17.885705
0.2,9,8,2,0.2,1,0.8,0.2,0.95,0.6,0.95,0.6,8,-8,8,2,8,2,2,-1.05212562,TRUE,9413,56.19215344
0.4,9,8,2,1,0.2,0.8,0.2,0.95,0.95,0.95,0.6,8,8,0,8,2,6,1,-0.001281662,TRUE,11,0.119937991
0.2,9,8,2,1,1,0.2,0.8,0.6,0.95,0.95,0.6,8,-8,0,8,8,2,6,-1.018859142,FALSE,15146,1800.020836
0.4,15,8,2,1,0.2,0.8,0.2,0.6,0.6,0.95,0.6,1,-8,8,8,2,6,1,-0.344322814,TRUE,5355,161.2832525
0.4,9,8,2,0.2,0.2,0.2,0.8,0.6,0.6,0.95,0.6,8,8,8,2,2,1,2,-0.211071074,TRUE,2371,1.023032171
0.3,12,6,4,0.6,0.6,0.5,0.5,0.775,0.775,0.775,0.775,4.5,0,4,4,4,2,2,-1.305268686,FALSE,16905,1800.034007
0.2,9,4,2,1,0.2,0.8,0.8,0.95,0.6,0.6,0.6,1,8,0,4,1,3,1,-0.585791511,TRUE,5168,3.241637645
0.2,15,8,6,1,1,0.8,0.8,0.95,0.95,0.6,0.6,1,-8,0,8,8,6,6,-2.833313724,FALSE,20,1836.640417
0.4,15,8,2,0.2,1,0.8,0.2,0.6,0.95,0.6,0.95,8,-8,8,2,8,2,2,-1.388135567,TRUE,14595,233.381518
0.4,9,4,2,1,0.2,0.8,0.8,0.95,0.6,0.95,0.95,8,-8,8,4,1,3,1,-0.055136398,TRUE,740,0.461605318
0.2,9,8,2,0.2,0.2,0.2,0.8,0.6,0.6,0.6,0.95,1,-8,0,2,2,1,2,-0.617588555,TRUE,8256,3.589116693
0.4,15,4,2,0.2,1,0.8,0.8,0.6,0.6,0.6,0.6,8,8,0,1,4,1,3,-1.635609931,TRUE,30514,63.5132059
0.2,9,4,2,0.2,1,0.8,0.8,0.95,0.95,0.95,0.95,8,8,0,1,4,1,3,-1.281363478,TRUE,21468,18.6211875
0.2,15,4,6,1,0.2,0.2,0.8,0.6,0.6,0.95,0.6,8,8,0,4,1,1,1,-3.073597131,FALSE,3884,1800.282743
0.2,9,4,2,0.2,0.2,0.2,0.2,0.6,0.95,0.6,0.6,1,8,8,1,1,1,1,-0.912639132,TRUE,11583,2.503484529
0.4,9,8,2,0.2,1,0.8,0.2,0.95,0.6,0.6,0.95,1,8,0,2,8,2,2,-0.537806602,TRUE,3117,20.78532019
0.3,12,6,4,0.6,0.6,0.5,0.5,0.775,0.775,0.775,0.775,4.5,0,4,4,4,2,2,-1.309114891,FALSE,17297,1800.060162
0.2,9,4,6,1,1,0.8,0.2,0.6,0.95,0.6,0.95,8,-8,0,4,4,3,1,-1.611674152,TRUE,32236,279.7258194
0.4,15,4,6,1,1,0.8,0.2,0.95,0.6,0.95,0.6,8,-8,0,4,4,3,1,-1.081984847,FALSE,904,1801.299281
0.4,15,4,2,0.2,1,0.8,0.8,0.6,0.6,0.6,0.6,8,8,0,1,4,1,3,-1.63570633,TRUE,30516,64.40833052
0.2,9,4,2,0.2,1,0.8,0.8,0.95,0.95,0.95,0.95,8,8,0,1,4,1,3,-1.278975207,TRUE,21465,17.62638873
0.2,9,4,6,0.2,0.2,0.8,0.2,0.6,0.6,0.95,0.6,1,-8,0,1,1,1,1,-1.711050808,TRUE,27271,17.00622063
0.2,15,4,2,1,1,0.2,0.2,0.95,0.95,0.95,0.95,1,-8,0,4,4,1,1,-1.662659061,TRUE,33257,220.1298408
0.4,9,8,6,0.2,1,0.2,0.2,0.95,0.95,0.95,0.95,1,-8,8,2,8,1,2,-0.438297115,TRUE,2108,91.714049
0.4,15,4,2,0.2,0.2,0.2,0.2,0.95,0.6,0.95,0.95,1,8,8,1,1,1,1,-0.909592428,TRUE,2562,1.297876192
0.3,12,6,4,0.6,0.6,0.5,0.5,0.775,0.775,0.775,0.775,4.5,0,4,4,4,2,2,-1.307562499,FALSE,17855,1800.053519
0.4,15,8,6,0.2,0.2,0.8,0.8,0.95,0.6,0.6,0.6,1,8,8,2,2,2,2,-0.056312425,TRUE,82,13.10199375
0.3,12,6,4,0.6,0.6,0.5,0.5,0.775,0.775,0.775,0.775,4.5,0,4,4,4,2,2,-1.304177058,FALSE,16312,1800.073098
0.4,15,4,6,0.2,0.2,0.8,0.2,0.95,0.95,0.6,0.95,1,-8,0,1,1,1,1,-1.345743116,TRUE,10182,1342.980774
0.2,15,8,2,1,1,0.2,0.8,0.95,0.6,0.95,0.6,1,8,8,8,8,2,6,-1.59255017,FALSE,5161,1800.094344
0.2,15,4,6,1,1,0.8,0.2,0.95,0.6,0.6,0.95,1,8,8,4,4,3,1,-2.53697739,FALSE,1015,1800.309426
0.2,15,4,2,0.2,1,0.8,0.8,0.6,0.6,0.95,0.95,1,-8,8,1,4,1,3,-1.67023018,TRUE,33257,71.21084077
0.4,15,8,6,0.2,0.2,0.8,0.8,0.95,0.6,0.6,0.6,1,8,8,2,2,2,2,-0.064220926,TRUE,78,12.48175298
0.4,15,8,6,0.2,1,0.2,0.2,0.6,0.6,0.95,0.95,8,8,0,2,8,1,2,-1.897593194,FALSE,266,1805.098255
0.4,9,8,6,0.2,0.2,0.8,0.8,0.6,0.95,0.6,0.6,8,-8,0,2,2,2,2,-0.260090832,TRUE,2802,2.520926673
0.4,15,8,2,1,1,0.2,0.8,0.95,0.6,0.6,0.95,8,-8,0,8,8,2,6,-0.772920182,FALSE,5392,1800.027682
0.2,9,8,6,1,0.2,0.2,0.2,0.95,0.6,0.95,0.95,1,8,0,8,2,2,1,-0.067962854,TRUE,884,36.22311494
0.2,9,4,6,0.2,1,0.2,0.8,0.95,0.6,0.6,0.95,8,-8,8,1,4,1,3,-2.685073698,TRUE,48093,125.9007668
0.2,15,4,6,1,0.2,0.2,0.8,0.6,0.6,0.95,0.6,8,8,0,4,1,1,1,-3.059184097,FALSE,3707,1800.04083
0.4,9,8,6,1,1,0.8,0.8,0.6,0.6,0.95,0.95,1,-8,0,8,8,6,6,-0.235928146,FALSE,3947,1800.035558
0.4,15,4,6,0.2,0.2,0.8,0.2,0.95,0.95,0.6,0.95,1,-8,0,1,1,1,1,-1.340466049,TRUE,10147,1290.181612
0.4,15,8,2,1,1,0.2,0.8,0.95,0.6,0.6,0.95,8,-8,0,8,8,2,6,-0.773084321,FALSE,5540,1800.15564
0.2,9,8,6,0.2,0.2,0.8,0.8,0.6,0.95,0.95,0.95,1,8,8,2,2,2,2,-0.886766781,TRUE,12681,11.6256871
0.4,15,8,2,0.2,0.2,0.2,0.8,0.95,0.95,0.95,0.6,1,-8,0,2,2,1,2,-0.031106682,TRUE,28,0.0245746
0.2,9,8,2,0.2,1,0.8,0.2,0.95,0.6,0.95,0.6,8,-8,8,2,8,2,2,-1.048683238,TRUE,9443,55.09558345
0.4,15,8,6,0.2,1,0.2,0.2,0.6,0.6,0.95,0.95,8,8,0,2,8,1,2,-1.921232252,FALSE,263,1803.084104
0.4,9,8,2,1,1,0.2,0.8,0.6,0.95,0.6,0.95,1,8,8,8,8,2,6,-0.839590916,FALSE,16601,1800.079726
0.4,9,4,2,0.2,0.2,0.2,0.2,0.6,0.95,0.95,0.95,8,-8,0,1,1,1,1,-0.480971339,TRUE,6518,1.702184979
0.2,9,4,6,0.2,0.2,0.8,0.2,0.6,0.6,0.95,0.6,1,-8,0,1,1,1,1,-1.708995651,TRUE,27256,16.38466651
0.4,9,4,6,1,1,0.8,0.2,0.6,0.95,0.95,0.6,1,8,8,4,4,3,1,-0.735429862,TRUE,14710,124.1603708
0.4,15,8,2,1,0.2,0.8,0.2,0.6,0.6,0.95,0.6,1,-8,8,8,2,6,1,-0.343955724,TRUE,5355,156.7080066
0.2,15,8,2,1,1,0.2,0.8,0.95,0.6,0.95,0.6,1,8,8,8,8,2,6,-1.592370439,FALSE,5783,1800.166226
0.2,15,4,6,0.2,1,0.2,0.8,0.6,0.95,0.6,0.95,1,8,0,1,4,1,3,-4.107786543,FALSE,3872,1800.091987
0.4,15,8,2,0.2,0.2,0.2,0.8,0.95,0.95,0.95,0.6,1,-8,0,2,2,1,2,-0.013532249,TRUE,30,0.040176256
0.2,9,4,6,1,1,0.8,0.2,0.6,0.95,0.6,0.95,8,-8,0,4,4,3,1,-1.611685435,TRUE,32236,260.65787
0.4,9,8,2,0.2,1,0.8,0.2,0.95,0.6,0.6,0.95,1,8,0,2,8,2,2,-0.537570704,TRUE,3123,18.19387528
